Cruise,Year,Latitude,Longitude,Sub,C_O,HTS,Depth,MeHg,Temp,Sal,O2_uM,Station,Date,Time,Season,dfac,E_W,Reference,DOI,date_time,Transmission,Fluo
FixO3 2018,2018,41.3448,17.0038,SAD,open,none,2.366,0.05,21.4818,38.6496,265.39,BADU02,07/10/2018,21:25:20,autumn,0-10,east,unpublished,,,,
FixO3 2018,2018,41.3448,17.0038,SAD,open,none,27.343,0.08,17.7986,38.7434,222.27,BADU02,07/10/2018,21:25:20,autumn,Oct-50,east,unpublished,,,,
FixO3 2018,2018,41.3448,17.0038,SAD,open,none,55.142,0.14,15.5449,38.9119,219.67,BADU02,07/10/2018,21:25:20,autumn,50-200,east,unpublished,,,,
FixO3 2018,2018,41.3448,17.0038,SAD,open,none,100.836,0.19,15.1308,38.9433,208.87,BADU02,07/10/2018,21:25:20,autumn,50-200,east,unpublished,,,,
FixO3 2018,2018,41.3448,17.0038,SAD,open,none,122.049,0.32,14.7164,38.8769,210.21,BADU02,07/10/2018,21:25:20,autumn,50-200,east,unpublished,,,,
FixO3 2018,2018,41.7428,17.6917,SAD,open,none,2.305,0.02,21.455,38.8329,227.97,BADU09,08/10/2018,21:08:15,autumn,0-10,east,unpublished,,,,
FixO3 2018,2018,41.7428,17.6917,SAD,open,none,30.309,0.04,18.1844,38.738,281.28,BADU09,08/10/2018,21:08:15,autumn,Oct-50,east,unpublished,,,,
FixO3 2018,2018,41.7428,17.6917,SAD,open,none,50.569,0.09,15.8143,38.8514,245.08,BADU09,08/10/2018,21:08:15,autumn,50-200,east,unpublished,,,,
FixO3 2018,2018,41.7428,17.6917,SAD,open,none,69.986,0.61,15.2331,38.9128,218.22,BADU09,08/10/2018,21:08:15,autumn,50-200,east,unpublished,,,,
FixO3 2018,2018,41.7428,17.6917,SAD,open,none,100.244,0.28,14.7608,38.8967,211.41,BADU09,08/10/2018,21:08:15,autumn,50-200,east,unpublished,,,,
FixO3 2018,2018,41.7428,17.6917,SAD,open,none,300.218,0.17,14.0589,38.8431,225.98,BADU09,08/10/2018,21:08:15,autumn,200-400,east,unpublished,,,,
FixO3 2018,2018,41.7428,17.6917,SAD,open,none,400.198,0.1,14.0108,38.8484,229.95,BADU09,08/10/2018,21:08:15,autumn,400-600,east,unpublished,,,,
FixO3 2018,2018,41.7428,17.6917,SAD,open,none,500.52,0.16,13.9813,38.8461,230.74,BADU09,08/10/2018,21:08:15,autumn,400-600,east,unpublished,,,,
FixO3 2018,2018,41.7428,17.6917,SAD,open,none,600.405,0.23,13.8755,38.8297,230.38,BADU09,08/10/2018,21:08:15,autumn,600-800,east,unpublished,,,,
FixO3 2018,2018,41.7428,17.6917,SAD,open,none,800.246,0.07,13.5632,38.7934,227.53,BADU09,08/10/2018,21:08:15,autumn,800-1000,east,unpublished,,,,
FixO3 2018,2018,41.7428,17.6917,SAD,open,none,1000.162,0.16,13.3567,38.7714,224.36,BADU09,08/10/2018,21:08:15,autumn,1000-1600,east,unpublished,,,,
FixO3 2018,2018,41.7428,17.6917,SAD,open,none,1185.456,0.12,13.2563,38.7673,224.71,BADU09,08/10/2018,21:08:15,autumn,1000-1600,east,unpublished,,,,
FixO3 2018,2018,41.5337,18.0537,SAD,open,none,1.742,0.06,20.7908,38.685,227.22,E2M3A,08/10/2018,04:54:46,autumn,0-10,east,unpublished,,,,
FixO3 2018,2018,41.5337,18.0537,SAD,open,none,49.916,0.29,15.5679,38.8702,240.99,E2M3A,08/10/2018,04:54:46,autumn,Oct-50,east,unpublished,,,,
FixO3 2018,2018,41.5337,18.0537,SAD,open,none,99.475,0.13,14.9513,38.9197,209.29,E2M3A,08/10/2018,04:54:46,autumn,50-200,east,unpublished,,,,
FixO3 2018,2018,41.5337,18.0537,SAD,open,none,210.275,0.15,14.3338,38.8699,211.96,E2M3A,08/10/2018,04:54:46,autumn,200-400,east,unpublished,,,,
FixO3 2018,2018,41.5337,18.0537,SAD,open,none,319.763,0.19,14.0251,38.8486,229.21,E2M3A,08/10/2018,04:54:46,autumn,200-400,east,unpublished,,,,
FixO3 2018,2018,41.5337,18.0537,SAD,open,none,535.391,0.07,14.0015,38.85,229.63,E2M3A,08/10/2018,04:54:46,autumn,400-600,east,unpublished,,,,
FixO3 2018,2018,41.5337,18.0537,SAD,open,none,535.391,0.07,14.0015,38.85,230.16,E2M3A,08/10/2018,04:54:46,autumn,400-600,east,unpublished,,,,
FixO3 2018,2018,41.5337,18.0537,SAD,open,none,535.391,0.1,14.0015,38.85,229.61,E2M3A,08/10/2018,04:54:46,autumn,400-600,east,unpublished,,,,
FixO3 2018,2018,41.5337,18.0537,SAD,open,none,733.627,0.09,13.9163,38.8379,229.77,E2M3A,08/10/2018,04:54:46,autumn,600-800,east,unpublished,,,,
FixO3 2018,2018,41.5337,18.0537,SAD,open,none,900.784,0.09,13.5629,38.793,225.42,E2M3A,08/10/2018,04:54:46,autumn,800-1000,east,unpublished,,,,
FixO3 2018,2018,41.5337,18.0537,SAD,open,none,999.832,0.19,13.4282,38.7785,223.73,E2M3A,08/10/2018,04:54:46,autumn,800-1000,east,unpublished,,,,
FixO3 2018,2018,41.5337,18.0537,SAD,open,none,1100.043,0.19,13.3199,38.7689,222.85,E2M3A,08/10/2018,04:54:46,autumn,1000-1600,east,unpublished,,,,
FixO3 2018,2018,41.5337,18.0537,SAD,open,none,1159.767,0.21,13.2564,38.7675,222.89,E2M3A,08/10/2018,04:54:46,autumn,1000-1600,east,unpublished,,,,
FixO3 2018,2018,41.5337,18.0537,SAD,open,none,1176.617,0.26,13.2546,38.7675,223.35,E2M3A,08/10/2018,04:54:46,autumn,1000-1600,east,unpublished,,,,
FixO3 2018,2018,41.3933,17.0792,SAD,open,none,2.589,0.05,21.7206,38.5522,224.77,BADU04,09/10/2018,17:30:06,autumn,0-10,east,unpublished,,,,
FixO3 2018,2018,41.3933,17.0792,SAD,open,none,28.729,0.13,17.9685,38.7435,263.46,BADU04,09/10/2018,17:30:06,autumn,Oct-50,east,unpublished,,,,
FixO3 2018,2018,41.3933,17.0792,SAD,open,none,65.396,0.31,15.5595,38.9265,215.47,BADU04,09/10/2018,17:30:06,autumn,50-200,east,unpublished,,,,
FixO3 2018,2018,41.3933,17.0792,SAD,open,none,100.375,0.07,15.4475,38.9567,207.44,BADU04,09/10/2018,17:30:06,autumn,50-200,east,unpublished,,,,
FixO3 2018,2018,41.3933,17.0792,SAD,open,none,150.837,0.14,14.3433,38.8169,NaN,BADU04,09/10/2018,17:30:06,autumn,50-200,east,unpublished,,,,
FixO3 2018,2018,41.3933,17.0792,SAD,open,none,161.317,0.22,14.1792,38.7895,203.39,BADU04,09/10/2018,17:30:06,autumn,50-200,east,unpublished,,,,
FixO3 2018,2018,41.5175,17.273,SAD,open,none,1.805,0.06,21.2917,38.7586,227.79,BADU06,09/10/2018,13:44:07,autumn,0-10,east,unpublished,,,,
FixO3 2018,2018,41.5175,17.273,SAD,open,none,27.851,0.04,17.3212,38.7928,281.34,BADU06,09/10/2018,13:44:07,autumn,Oct-50,east,unpublished,,,,
FixO3 2018,2018,41.5175,17.273,SAD,open,none,50.101,0.04,15.8819,38.8444,251.71,BADU06,09/10/2018,13:44:07,autumn,50-200,east,unpublished,,,,
FixO3 2018,2018,41.5175,17.273,SAD,open,none,85.564,0.1,14.9573,38.8941,212.82,BADU06,09/10/2018,13:44:07,autumn,50-200,east,unpublished,,,,
FixO3 2018,2018,41.5175,17.273,SAD,open,none,100.464,0.1,14.8067,38.8975,210.62,BADU06,09/10/2018,13:44:07,autumn,50-200,east,unpublished,,,,
FixO3 2018,2018,41.5175,17.273,SAD,open,none,199.732,0.15,14.4201,38.8832,209.14,BADU06,09/10/2018,13:44:07,autumn,50-200,east,unpublished,,,,
FixO3 2018,2018,41.5175,17.273,SAD,open,none,300.16,0.09,14.1485,38.8496,219.76,BADU06,09/10/2018,13:44:07,autumn,200-400,east,unpublished,,,,
FixO3 2018,2018,41.5175,17.273,SAD,open,none,400.357,0.1,14.0128,38.8467,228.08,BADU06,09/10/2018,13:44:07,autumn,400-600,east,unpublished,,,,
FixO3 2018,2018,41.5175,17.273,SAD,open,none,500.31,0.12,13.9782,38.8444,228.73,BADU06,09/10/2018,13:44:07,autumn,400-600,east,unpublished,,,,
FixO3 2018,2018,41.5175,17.273,SAD,open,none,664.34,0.06,13.7606,38.8152,227.75,BADU06,09/10/2018,13:44:07,autumn,600-800,east,unpublished,,,,
FixO3 2018,2018,41.6405,17.514,SAD,open,none,0.95,0.03,21.0709,38.8409,230.13,BADU08,09/10/2018,00:17:30,autumn,0-10,east,unpublished,,,,
FixO3 2018,2018,41.6405,17.514,SAD,open,none,24.736,0.02,17.4385,38.8089,280.04,BADU08,09/10/2018,00:17:30,autumn,Oct-50,east,unpublished,,,,
FixO3 2018,2018,41.6405,17.514,SAD,open,none,50.06,0.06,15.5963,38.8912,238.73,BADU08,09/10/2018,00:17:30,autumn,50-200,east,unpublished,,,,
FixO3 2018,2018,41.6405,17.514,SAD,open,none,70.273,0.05,15.0198,38.8872,217.44,BADU08,09/10/2018,00:17:30,autumn,50-200,east,unpublished,,,,
FixO3 2018,2018,41.6405,17.514,SAD,open,none,100.696,0.08,14.7164,38.892,211.39,BADU08,09/10/2018,00:17:30,autumn,50-200,east,unpublished,,,,
FixO3 2018,2018,41.6405,17.514,SAD,open,none,199.985,0.05,14.2113,38.851,215.07,BADU08,09/10/2018,00:17:30,autumn,50-200,east,unpublished,,,,
FixO3 2018,2018,41.6405,17.514,SAD,open,none,300.774,0.06,14.0201,38.8402,227.75,BADU08,09/10/2018,00:17:30,autumn,200-400,east,unpublished,,,,
FixO3 2018,2018,41.6405,17.514,SAD,open,none,400.287,0.07,14.0019,38.8481,230.45,BADU08,09/10/2018,00:17:30,autumn,400-600,east,unpublished,,,,
FixO3 2018,2018,41.6405,17.514,SAD,open,none,500.305,0.05,13.9681,38.8441,231.39,BADU08,09/10/2018,00:17:30,autumn,400-600,east,unpublished,,,,
FixO3 2018,2018,41.6405,17.514,SAD,open,none,600.414,0.04,13.8493,38.826,229.82,BADU08,09/10/2018,00:17:30,autumn,600-800,east,unpublished,,,,
FixO3 2018,2018,41.6405,17.514,SAD,open,none,800.335,0.07,13.5354,38.7905,227.54,BADU08,09/10/2018,00:17:30,autumn,800-1000,east,unpublished,,,,
FixO3 2018,2018,41.6405,17.514,SAD,open,none,1000.465,0.09,13.3543,38.7715,224.46,BADU08,09/10/2018,00:17:30,autumn,1000-1600,east,unpublished,,,,
FixO3 2018,2018,41.6405,17.514,SAD,open,none,1114.3,0.08,13.2496,38.7675,221.63,BADU08,09/10/2018,00:17:30,autumn,1000-1600,east,unpublished,,,,
MERCYMS 2003,2003,37.31666667,11.83333333,TYR2,open,none,95,0.354,15.23,37.62,NaN,,06/08/2003,12:30:00,,50-200,west,unpublished,,,82.07,0.077
MERCYMS 2003,2003,35.75,17.91666667,ION1_2,open,none,2,0.119,28.5,38.24,196.0190625,,08/08/2003,06:26:07,,0-10,east,unpublished,,,61.4,0.016
MERCYMS 2003,2003,35.75,17.91666667,ION1_2,open,none,15,0.279,23.5,37.67,212.251875,,09/08/2003,06:26:07,,Oct-50,east,unpublished,,,55,0.016
MERCYMS 2003,2003,35.75,17.91666667,ION1_2,open,none,36,0.156,17.4,37.78,238.155,,10/08/2003,06:26:07,,Oct-50,east,unpublished,,,48.5,0.027
MERCYMS 2003,2003,34.31666667,24.33333333,LEV,open,none,15,0.065,24.1595,39.191,NaN,,10/08/2003,05:37:42,,Oct-50,east,unpublished,,,84.9601,0.02
MERCYMS 2003,2003,34.31666667,24.33333333,LEV,open,none,40,0.165,17.6897,39.0351,NaN,,10/08/2003,05:37:42,,Oct-50,east,unpublished,,,84.8833,0.02
MERCYMS 2003,2003,34.31666667,24.33333333,LEV,open,none,90,0.07,16.074,39.019,NaN,,10/08/2003,05:37:42,,50-200,east,unpublished,,,84.7357,0.09
MERCYMS 2003,2003,34.31666667,24.33333333,LEV,open,none,150,0.235,15.4044,39.0435,NaN,,10/08/2003,05:37:42,,50-200,east,unpublished,,,83.6801,0.03
MERCYMS 2003,2003,34.31666667,24.33333333,LEV,open,none,700,0.304,13.7838,38.7614,NaN,,10/08/2003,05:37:42,,600-800,east,unpublished,,,80.842,0.01
MERCYMS 2003,2003,34.31666667,24.33333333,LEV,open,none,1000,0.449,13.7303,38.7393,NaN,,10/08/2003,05:37:42,,800-1000,east,unpublished,,,80.0888,0.01
MERCYMS 2003,2003,34.31666667,24.33333333,LEV,open,none,2000,0.25,13.8739,38.754,NaN,,10/08/2003,05:37:42,,1600-2000,east,unpublished,,,81.9126,0.01
MERCYMS 2003,2003,34.31666667,24.33333333,LEV,open,none,2223,0.397,13.878,38.7439,NaN,,10/08/2003,05:37:42,,2000-2600,east,unpublished,,,82.1036,0.01
MERCYMS 2003,2003,35.75,17.91666667,ION1_2,open,none,170,0.206,14.8,38.84,249.0671875,,12/08/2003,06:26:07,,50-200,east,unpublished,,,46.9,0.016
MERCYMS 2003,2003,35.75,17.91666667,ION1_2,open,none,340,0.441,14.4,38.87,251.2934375,,13/08/2003,06:26:07,,200-400,east,unpublished,,,46.6,0.014
MERCYMS 2003,2003,40,19,SAD,open,none,75,0.092,15.5,38.6,NaN,,13/08/2003,05:42:00,,50-200,east,unpublished,,,85.1966,0.06
MERCYMS 2003,2003,40,19,SAD,open,none,105,0.266,15,38.6,NaN,,13/08/2003,05:42:00,,50-200,east,unpublished,,,86.1336,0.04
MERCYMS 2003,2003,35.75,17.91666667,ION1_2,open,none,1000,0.307,13.7,38.73,254.7890625,,14/08/2003,06:26:07,,800-1000,east,unpublished,,,46.1,0.014
MERCYMS 2003,2003,35.75,17.91666667,ION1_2,open,none,2502,0.188,13.8,38.71,254.2525,,15/08/2003,06:26:07,,2000-2600,east,unpublished,,,46.8,0
MERCYMS 2003,2003,35.75,17.91666667,ION1_2,open,none,3799,0.229,13.9,38.68,253.7103125,,16/08/2003,06:26:07,,>3000,east,unpublished,,,47.4,0
MERCYMS 2003,2003,37.8669,5.3507,SWM,open,none,1,0.145,28.1443,37,198.11375,,20/08/2003,07:23:57,,0-10,west,unpublished,,,83.4576,0.0213
MERCYMS 2003,2003,37.8669,5.3507,SWM,open,none,10,0.08,27.6579,37,199.7146875,,20/08/2003,07:23:57,,0-10,west,unpublished,,,83.616,0.0201
MERCYMS 2003,2003,37.8669,5.3507,SWM,open,none,20,0.115,21.6874,36.8,221.4328125,,20/08/2003,07:23:57,,Oct-50,west,unpublished,,,83.1907,0.0243
MERCYMS 2003,2003,37.8669,5.3507,SWM,open,none,40,0.347,16.1937,36.8,245.361875,,20/08/2003,07:23:57,,Oct-50,west,unpublished,,,80.4942,0.0994
MERCYMS 2003,2003,37.8669,5.3507,SWM,open,none,60,0.382,15.1585,37.5,249.5465625,,20/08/2003,07:23:57,,50-200,west,unpublished,,,79.7281,0.217
MERCYMS 2003,2003,37.8669,5.3507,SWM,open,none,100,0.148,13.9858,37.9,254.644375,,20/08/2003,07:23:57,,50-200,west,unpublished,,,84.9566,0.0387
MERCYMS 2003,2003,37.8669,5.3507,SWM,open,none,400,0.432,13.4122,38.5,256.685625,,20/08/2003,07:23:57,,200-400,west,unpublished,,,78.3533,0.0149
MERCYMS 2003,2003,37.8669,5.3507,SWM,open,none,900,0.354,13.1757,38.5,258.01625,,20/08/2003,07:23:57,,800-1000,west,unpublished,,,76.5022,0.0141
MERCYMS 2003,2003,37.8669,5.3507,SWM,open,none,1400,0.668,13.0929,38.4,258.52125,,20/08/2003,07:23:57,,1000-1600,west,unpublished,,,75.0858,0.014
MERCYMS 2003,2003,37.8669,5.3507,SWM,open,none,2500,0.33,13.2046,38.4,257.955,,20/08/2003,07:23:57,,2000-2600,west,unpublished,,,78.2226,0.0144
MERCYMS 2003,2003,37.8669,5.3507,SWM,open,none,2825,0.255,13.2594,38.4,257.665625,,20/08/2003,07:23:57,,2600-3000,west,unpublished,,,78.7352,0.0143
MERCYMS 2003,2003,35.83333333,-4,ALB,open,none,3,0.23,25,36.46,NaN,,23/08/2003,08:00:00,,0-10,west,unpublished,,,55.0284,0.029
MERCYMS 2003,2003,35.83333333,-4,ALB,open,none,35,0.239,19.9,36.29,NaN,,25/08/2003,08:00:00,,Oct-50,west,unpublished,,,49.4433,0.051
MERCYMS 2003,2003,40.46666667,6.466666667,NWM,open,none,1,0.055,28.5544,37.693,195.9925,,26/08/2003,02:00:00,,0-10,west,unpublished,,,71.349,0.0187
MERCYMS 2003,2003,40.46666667,6.466666667,NWM,open,none,25,0.065,25.5655,37.8405,205.7034375,,26/08/2003,02:00:00,,Oct-50,west,unpublished,,,72.1162,0.0218
MERCYMS 2003,2003,40.46666667,6.466666667,NWM,open,none,50,0.065,16.6981,37.4749,241.9578125,,26/08/2003,02:00:00,,Oct-50,west,unpublished,,,72.921,0.0352
MERCYMS 2003,2003,40.46666667,6.466666667,NWM,open,none,95,0.084,14.047,37.9299,254.3325,,26/08/2003,02:00:00,,50-200,west,unpublished,,,76.8131,0.096
MERCYMS 2003,2003,40.46666667,6.466666667,NWM,open,none,400,0.265,13.4583,38.5416,256.4346875,,26/08/2003,02:00:00,,200-400,west,unpublished,,,79.595,0.0153
MERCYMS 2003,2003,40.46666667,6.466666667,NWM,open,none,1200,0.306,13.1392,38.4638,258.246875,,26/08/2003,02:00:00,,1000-1600,west,unpublished,,,77.1807,0.0139
MERCYMS 2003,2003,40.46666667,6.466666667,NWM,open,none,2500,0.233,13.2058,38.425,257.9553125,,26/08/2003,02:00:00,,2000-2600,west,unpublished,,,79.3985,0.0142
MERCYMS 2003,2003,40.46666667,6.466666667,NWM,open,none,2800,0.181,13.262,38.4252,257.6565625,,26/08/2003,02:00:00,,2600-3000,west,unpublished,,,79.6325,0.0139
MERCYMS 2003,2003,35.83333333,-4,ALB,open,none,160,0.243,13.6,38.11,NaN,,27/08/2003,08:00:00,,50-200,west,unpublished,,,44.8838,0.021
MERCYMS 2003,2003,35.83333333,-4,ALB,open,none,200,0.309,13.3,38.3,NaN,,28/08/2003,08:00:00,,50-200,west,unpublished,,,44.8445,0.018
MERCYMS 2003,2003,35.83333333,-4,ALB,open,none,400,0.409,13.2,38.49,NaN,,29/08/2003,08:00:00,,200-400,west,unpublished,,,45.0333,0.016
MERCYMS 2003,2003,35.83333333,-4,ALB,open,none,799,0.411,13.1,38.47,NaN,,30/08/2003,08:00:00,,600-800,west,unpublished,,,45.0534,0.014
MERCYMS 2003,2003,35.83333333,-4,ALB,open,none,910,0.43,13.1,38.47,NaN,,31/08/2003,08:00:00,,800-1000,west,unpublished,,,45.1036,0.014
MERCYMS 2003,2004,40.5,11.3,TYR2,open,none,5,0.199,14.3851,38.0706,252.37875,,18/03/2004,13:26:00,,0-10,west,unpublished,,,86.1176,0.44
MERCYMS 2003,2004,40.5,11.3,TYR2,open,none,40,0.11,13.5471,38.1434,256.600625,,18/03/2004,13:26:00,,Oct-50,west,unpublished,,,86.7902,0.9
MERCYMS 2003,2004,40.5,11.3,TYR2,open,none,110,0.294,13.507,38.1645,256.7778125,,18/03/2004,13:26:00,,50-200,west,unpublished,,,88.4525,0.33
MERCYMS 2003,2004,40.5,11.3,TYR2,open,none,260,0.499,14.016,38.4964,253.6046875,,18/03/2004,13:26:00,,200-400,west,unpublished,,,89.042,0.17
MERCYMS 2003,2004,40.5,11.3,TYR2,open,none,500,0.364,14.0098,38.7001,253.318125,,18/03/2004,13:26:00,,400-600,west,unpublished,,,89.1722,0.14
MERCYMS 2003,2004,40.5,11.3,TYR2,open,none,900,0.304,13.7844,38.6604,254.544375,,18/03/2004,13:26:00,,800-1000,west,unpublished,,,89.2954,0.14
MERCYMS 2003,2004,40.5,11.3,TYR2,open,none,2884,0.389,13.4591,38.4904,256.511875,,18/03/2004,13:26:00,,2600-3000,west,unpublished,,,88.6525,0.14
MERCYMS 2003,2004,41.41666667,7.966666667,NWM,open,none,5,0.155,13.6235,38.0464,256.353125,,21/03/2004,16:16:00,,0-10,west,unpublished,,,84.5948,0.9
MERCYMS 2003,2004,41.41666667,7.966666667,NWM,open,none,20,0.15,13.3948,38.0524,257.5484375,,21/03/2004,16:16:00,,Oct-50,west,unpublished,,,84.1379,1
MERCYMS 2003,2004,41.41666667,7.966666667,NWM,open,none,36,0.294,13.0839,38.0529,259.2025,,21/03/2004,16:16:00,,Oct-50,west,unpublished,,,82.3456,3
MERCYMS 2003,2004,41.41666667,7.966666667,NWM,open,none,80,0.189,12.9944,38.0658,259.661875,,21/03/2004,16:16:00,,50-200,west,unpublished,,,88.2774,0.4
MERCYMS 2003,2004,41.41666667,7.966666667,NWM,open,none,1400,0.314,13.1683,38.4765,258.0721875,,21/03/2004,16:16:00,,1000-1600,west,unpublished,,,89.0642,0.1
MERCYMS 2003,2004,41.41666667,7.966666667,NWM,open,none,2600,0.279,13.2279,38.4409,257.8121875,,21/03/2004,16:16:00,,2000-2600,west,unpublished,,,88.6602,0.1
MERCYMS 2003,2004,37.8664,5.35,SWM,open,none,5,0.234,14.8395,37.1789,251.4534375,,25/03/2004,03:20:00,,0-10,west,unpublished,,,86.4715,0.4
MERCYMS 2003,2004,37.8664,5.35,SWM,open,none,20,0.219,14.8483,37.1792,251.40875,,25/03/2004,03:20:00,,Oct-50,west,unpublished,,,86.3208,0.4
MERCYMS 2003,2004,37.8664,5.35,SWM,open,none,40,0.219,14.1071,37.592,254.551875,,25/03/2004,03:20:00,,Oct-50,west,unpublished,,,86.878,0.5
MERCYMS 2003,2004,37.8664,5.35,SWM,open,none,60,0.197,14.0535,37.7641,254.5590625,,25/03/2004,03:20:00,,50-200,west,unpublished,,,86.4994,1
MERCYMS 2003,2004,37.8664,5.35,SWM,open,none,150,0.224,13.2558,38.2421,257.9821875,,25/03/2004,03:20:00,,50-200,west,unpublished,,,88.1365,0.2
MERCYMS 2003,2004,37.8664,5.35,SWM,open,none,400,0.578,13.3796,38.5358,256.858125,,25/03/2004,03:20:00,,200-400,west,unpublished,,,88.8647,0.2
MERCYMS 2003,2004,37.8664,5.35,SWM,open,none,600,0.304,13.2843,38.5293,257.3721875,,25/03/2004,03:20:00,,400-600,west,unpublished,,,88.9087,0.1
MERCYMS 2003,2004,37.8664,5.35,SWM,open,none,1000,0.439,13.1571,38.4884,258.1121875,,25/03/2004,03:20:00,,800-1000,west,unpublished,,,88.8049,0.1
MERCYMS 2003,2004,37.8664,5.35,SWM,open,none,1800,0.429,13.1019,38.4435,258.47875,,25/03/2004,03:20:00,,1600-2000,west,unpublished,,,88.4822,0.1
MERCYMS 2003,2004,37.8664,5.35,SWM,open,none,2500,0.234,13.2131,38.4406,257.89125,,25/03/2004,03:20:00,,2000-2600,west,unpublished,,,88.1973,0.2
MERCYMS 2003,2004,37.8664,5.35,SWM,open,none,2815,0.359,13.2607,38.4405,257.6390625,,25/03/2004,03:20:00,,2600-3000,west,unpublished,,,88.129,0.1
MERCYMS 2003,2004,37.48333333,11.56666667,TYR2,open,none,5,0.264,14.3342,37.3989,253.68375,,27/03/2004,07:46:00,,0-10,west,unpublished,,,86.1819,0.6
MERCYMS 2003,2004,37.48333333,11.56666667,TYR2,open,none,25,0.294,14.3315,37.4452,253.625625,,27/03/2004,07:46:00,,Oct-50,west,unpublished,,,86.141,0.7
MERCYMS 2003,2004,37.48333333,11.56666667,TYR2,open,none,50,0.09,14.2926,37.5939,253.593125,,27/03/2004,07:46:00,,Oct-50,west,unpublished,,,87.3809,0.7
MERCYMS 2003,2004,37.48333333,11.56666667,TYR2,open,none,120,0.374,14.6857,38.4401,250.286875,,27/03/2004,07:46:00,,50-200,west,unpublished,,,88.3846,0.2
MERCYMS 2003,2004,37.48333333,11.56666667,TYR2,open,none,200,0.309,14.5157,38.7453,250.6728125,,27/03/2004,07:46:00,,50-200,west,unpublished,,,88.4941,0.2
MERCYMS 2003,2004,37.48333333,11.56666667,TYR2,open,none,800,0.329,14.1601,38.7801,252.4234375,,27/03/2004,07:46:00,,600-800,west,unpublished,,,87.5776,0.1
MERCYMS 2003,2004,37.48333333,11.56666667,TYR2,open,none,900,0.379,14.1673,38.7802,252.38625,,27/03/2004,07:46:00,,800-1000,west,unpublished,,,87.5157,0.1
MERCYMS 2003,2004,37.48333333,11.56666667,TYR2,open,none,930,0.319,14.1567,38.7787,252.443125,,27/03/2004,07:46:00,,800-1000,west,unpublished,,,87.2999,0.1
MERCYMS 2003,2004,35.75,17.91666667,ION1_2,open,none,5,0.08,15.7307,38.2932,245.3590625,,29/03/2004,10:46:00,,0-10,east,unpublished,,,87.5232,0.195
MERCYMS 2003,2004,35.75,17.91666667,ION1_2,open,none,20,0.319,15.5259,38.3154,246.3203125,,29/03/2004,10:46:00,,Oct-50,east,unpublished,,,87.7851,0.246
MERCYMS 2003,2004,35.75,17.91666667,ION1_2,open,none,40,0.369,15.0783,38.6104,248.0709375,,29/03/2004,10:46:00,,Oct-50,east,unpublished,,,87.2751,0.343
MERCYMS 2003,2004,35.75,17.91666667,ION1_2,open,none,110,0.394,14.7217,38.813,249.5346875,,29/03/2004,10:46:00,,50-200,east,unpublished,,,89.3458,0.212
MERCYMS 2003,2004,35.75,17.91666667,ION1_2,open,none,300,0.434,14.2404,38.8396,251.9215625,,29/03/2004,10:46:00,,200-400,east,unpublished,,,89.2095,0.127
MERCYMS 2003,2004,35.75,17.91666667,ION1_2,open,none,500,0.414,13.944,38.792,253.5134375,,29/03/2004,10:46:00,,400-600,east,unpublished,,,88.8527,
MERCYMS 2003,2004,35.75,17.91666667,ION1_2,open,none,900,0.349,13.7197,38.7355,254.761875,,29/03/2004,10:46:00,,800-1000,east,unpublished,,,88.4605,
MERCYMS 2003,2004,35.75,17.91666667,ION1_2,open,none,1500,0.309,13.7384,38.7267,254.67875,,29/03/2004,10:46:00,,1000-1600,east,unpublished,,,88.0992,
MERCYMS 2003,2004,35.75,17.91666667,ION1_2,open,none,3000,0.279,13.8684,38.7063,254.0371875,,29/03/2004,10:46:00,,2600-3000,east,unpublished,,,87.8704,
MERCYMS 2003,2004,35.75,17.91666667,ION1_2,open,none,4000,0.189,13.9814,38.6855,253.4871875,,29/03/2004,10:46:00,,>3000,east,unpublished,,,87.7082,
MERCYMS 2003,2004,35.75,17.91666667,ION1_2,open,none,4060,0.299,13.9929,38.6855,253.428125,,29/03/2004,10:46:00,,>3000,east,unpublished,,,87.7297,
MERCYMS 2003,2004,40,19,SAD,open,none,5,0.179,15.1893,38.9354,247.031875,,31/03/2004,23:49:00,,0-10,east,unpublished,,,85.9317,0.62
MERCYMS 2003,2004,40,19,SAD,open,none,100,0.194,15.0162,38.932,247.889375,,31/03/2004,23:49:00,,50-200,east,unpublished,,,87.3279,0.49
MERCYMS 2003,2004,40,19,SAD,open,none,200,0.294,14.8106,38.917,248.931875,,31/03/2004,23:49:00,,50-200,east,unpublished,,,88.1561,0.19
MERCYMS 2003,2004,40,19,SAD,open,none,400,0.354,14.0749,38.8089,252.814375,,31/03/2004,23:49:00,,200-400,east,unpublished,,,88.1762,0.18
URANIA 2000,2000,37.27,11.87,TYR2,open,none,0.99,0.274191136,24.01,37.33,NaN,StM,20/07/2000,14:30,summer,0-10,west,"Horvat et al., 2003",10.1016/S1352-2310(03)00249-8,,,
URANIA 2000,2000,37.27,11.9,TYR2,open,none,0.5,0.319058777,25.17,37.63,NaN,StL,20/07/2000,00:30,summer,0-10,west,"Horvat et al., 2003",10.1016/S1352-2310(03)00249-8,,,
URANIA 2000,2000,35.08,14.27,ION1_2,open,none,0.5,0.249264669,26.72,38.5,NaN,StI,20/07/2000,23:30,summer,0-10,east,"Horvat et al., 2003",10.1016/S1352-2310(03)00249-8,,,
URANIA 2000,2000,35.08,14.27,ION1_2,open,none,4000,0.264220549,13.94,38.69,NaN,StI,20/07/2000,23:30,summer,>3000,east,"Horvat et al., 2003",10.1016/S1352-2310(03)00249-8,,,
URANIA 2000,2000,33.88,17.5,ION1_2,open,none,0.99,0.259235256,26.42,38.66,NaN,StH,20/07/2000,10:00,summer,0-10,east,"Horvat et al., 2003",10.1016/S1352-2310(03)00249-8,,,
URANIA 2000,2000,33.88,17.5,ION1_2,open,none,20,0.259235256,26.4,38.65,NaN,StH,20/07/2000,10:00,summer,Oct-50,east,"Horvat et al., 2003",10.1016/S1352-2310(03)00249-8,,,
URANIA 2000,2000,33.88,17.5,ION1_2,open,none,100,0.259235256,15.09,38.57,NaN,StH,20/07/2000,10:00,summer,50-200,east,"Horvat et al., 2003",10.1016/S1352-2310(03)00249-8,,,
URANIA 2000,2000,33.88,17.5,ION1_2,open,none,500,0.319058777,13.79,38.77,NaN,StH,20/07/2000,10:00,summer,400-600,east,"Horvat et al., 2003",10.1016/S1352-2310(03)00249-8,,,
URANIA 2000,2000,33.88,17.5,ION1_2,open,none,1000,0.264220549,13.61,38.72,NaN,StH,20/07/2000,10:00,summer,800-1000,east,"Horvat et al., 2003",10.1016/S1352-2310(03)00249-8,,,
URANIA 2000,2000,33.88,17.5,ION1_2,open,none,2483,0.32404407,13.77,38.72,NaN,StH,20/07/2000,10:00,summer,2000-2600,east,"Horvat et al., 2003",10.1016/S1352-2310(03)00249-8,,,
URANIA 2000,2000,36.78,18.62,ION3,open,none,2.98,0.244279376,25.01,38.42,NaN,StA,20/07/2000,13:30,summer,0-10,east,"Horvat et al., 2003",10.1016/S1352-2310(03)00249-8,,,
URANIA 2000,2000,33.3,20.9,ION1_2,open,none,1.49,0.269205843,25.61,38.58,NaN,StG,20/07/2000,10:00,summer,0-10,east,"Horvat et al., 2003",10.1016/S1352-2310(03)00249-8,,,
URANIA 2000,2000,36.18,22.07,ION1_2,open,none,3.97,0.199411735,23.49,38.81,NaN,StB,20/07/2000,10:00,summer,0-10,east,"Horvat et al., 2003",10.1016/S1352-2310(03)00249-8,,,
URANIA 2000,2000,32.78,24.4,LEV,open,none,1.99,0.264220549,24.86,38.79,NaN,StF,20/07/2000,13:30,summer,0-10,east,"Horvat et al., 2003",10.1016/S1352-2310(03)00249-8,,,
URANIA 2000,2000,34.08,24.53,LEV,open,none,2.48,0.189441149,23.1,38.98,NaN,StC,20/07/2000,06:00,summer,0-10,east,"Horvat et al., 2003",10.1016/S1352-2310(03)00249-8,,,
URANIA 2000,2000,32.67,28,LEV,open,none,1.49,0.189441149,25.6,39.19,NaN,StE,20/07/2000,18:00,summer,0-10,east,"Horvat et al., 2003",10.1016/S1352-2310(03)00249-8,,,
URANIA 2000,2000,34.73,28.05,LEV,open,none,1.99,0.329029363,23.6,39.24,NaN,StD,20/07/2000,03:00,summer,0-10,east,"Horvat et al., 2003",10.1016/S1352-2310(03)00249-8,,,
URANIA 2000,2000,39.42,6.08,NWM,open,none,0.5,0.30908819,25.57,37.33,NaN,St19,02/08/2000,18:30,summer,0-10,west,"Horvat et al., 2003",10.1016/S1352-2310(03)00249-8,,,
URANIA 2000,2000,39.42,6.08,NWM,open,none,20,0.299117603,23.47,37.51,NaN,St19,02/08/2000,18:30,summer,Oct-50,west,"Horvat et al., 2003",10.1016/S1352-2310(03)00249-8,,,
URANIA 2000,2000,39.42,6.08,NWM,open,none,100,0.274191136,14.54,37.85,NaN,St19,02/08/2000,18:30,summer,50-200,west,"Horvat et al., 2003",10.1016/S1352-2310(03)00249-8,,,
URANIA 2000,2000,39.42,6.08,NWM,open,none,500,0.274191136,13.39,38.56,NaN,St19,02/08/2000,18:30,summer,400-600,west,"Horvat et al., 2003",10.1016/S1352-2310(03)00249-8,,,
URANIA 2000,2000,39.42,6.08,NWM,open,none,1000,0.32404407,13.22,38.52,NaN,St19,02/08/2000,18:30,summer,800-1000,west,"Horvat et al., 2003",10.1016/S1352-2310(03)00249-8,,,
URANIA 2000,2000,39.42,6.08,NWM,open,none,2780,0.289147016,13.25,38.46,NaN,St19,02/08/2000,18:30,summer,2600-3000,west,"Horvat et al., 2003",10.1016/S1352-2310(03)00249-8,,,
URANIA 2000,2000,40.85,6.25,NWM,open,none,0.5,0.264220549,24.35,37.64,NaN,St20,02/08/2000,08:00,summer,0-10,west,"Horvat et al., 2003",10.1016/S1352-2310(03)00249-8,,,
URANIA 2000,2000,38.33,7.25,SWM,open,none,0.5,0.393838177,24.33,37.91,NaN,St18,02/08/2000,08:30,summer,0-10,west,"Horvat et al., 2003",10.1016/S1352-2310(03)00249-8,,,
URANIA 2000,2000,41.4166667,7.8,NWM,open,none,0.5,0.274191136,23.05,37.95,NaN,St21,02/08/2000,17:30,summer,0-10,west,"Horvat et al., 2003",10.1016/S1352-2310(03)00249-8,,,
URANIA 2000,2000,41.1666667,8.5,NWM,open,none,0.5,0.299117603,24.17,38.24,NaN,St22,02/08/2000,21:00,summer,0-10,west,"Horvat et al., 2003",10.1016/S1352-2310(03)00249-8,,,
URANIA 2000,2000,38.25,8.83,SWM,open,none,1.99,0.348970537,23.9,38.33,NaN,St17,02/08/2000,14:00,summer,0-10,west,"Horvat et al., 2003",10.1016/S1352-2310(03)00249-8,,,
URANIA 2000,2000,41.35,9.65,TYR1,open,none,0.5,0.289147016,23.19,38.24,NaN,St23,02/08/2000,06:15,summer,0-10,west,"Horvat et al., 2003",10.1016/S1352-2310(03)00249-8,,,
URANIA 2000,2000,38.58,10.42,TYR2,open,none,0.99,0.314073483,23.55,38.08,NaN,St16,02/08/2000,08:00,summer,0-10,west,"Horvat et al., 2003",10.1016/S1352-2310(03)00249-8,,,
URANIA 2000,2000,41.67,11,TYR1,open,none,0.5,0.319058777,23.29,38.31,NaN,St24,02/08/2000,13:00,summer,0-10,west,"Horvat et al., 2003",10.1016/S1352-2310(03)00249-8,,,
URANIA 2000,2000,39.08,11.83,TYR2,open,none,1.99,0.299117603,25.39,38.25,NaN,St15,02/08/2000,17:00,summer,0-10,west,"Horvat et al., 2003",10.1016/S1352-2310(03)00249-8,,,
URANIA 2000,2000,39.67,13.33,TYR2,open,none,0.5,0.259235256,25.72,38.23,NaN,St14,02/08/2000,05:00,summer,0-10,west,"Horvat et al., 2003",10.1016/S1352-2310(03)00249-8,,,
URANIA 2003,2003,37.3401767,11.8287083,TYR2,open,none,1,0.099705868,26.71,37.36,202.5063283,WP3,06/08/2003,12:30:00,summer,0-10,west,"Kotnik et al., 2007",10.1016/j.marchem.2007.02.012,,,
URANIA 2003,2003,37.3401767,11.8287083,TYR2,open,none,18,0.119647041,25.15,37.32,207.8189943,WP3,06/08/2003,12:30:00,summer,Oct-50,west,"Kotnik et al., 2007",10.1016/j.marchem.2007.02.012,,,
URANIA 2003,2003,37.3401767,11.8287083,TYR2,open,none,25,0.129617628,20.36,37.05,226.5695803,WP3,06/08/2003,12:30:00,summer,Oct-50,west,"Kotnik et al., 2007",10.1016/j.marchem.2007.02.012,,,
URANIA 2003,2003,37.3401767,11.8287083,TYR2,open,none,36,0.169499975,18.32,37.15,235.007344,WP3,06/08/2003,12:30:00,summer,Oct-50,west,"Kotnik et al., 2007",10.1016/j.marchem.2007.02.012,,,
URANIA 2003,2003,37.3401767,11.8287083,TYR2,open,none,64,0.089735281,16.47,37.24,243.4451077,WP3,06/08/2003,12:30:00,summer,50-200,west,"Kotnik et al., 2007",10.1016/j.marchem.2007.02.012,,,
URANIA 2003,2003,37.3401767,11.8287083,TYR2,open,none,95,0.448676405,15.49,37.34,248.1327541,WP3,06/08/2003,12:30:00,summer,50-200,west,"Kotnik et al., 2007",10.1016/j.marchem.2007.02.012,,,
URANIA 2003,2003,35.7500683,17.9166883,ION1_2,open,none,1,0.109676454,28.65,38.26,195.0060939,WP4,08/08/2003,06:25:00,summer,0-10,east,"Kotnik et al., 2007",10.1016/j.marchem.2007.02.012,,,
URANIA 2003,2003,35.7500683,17.9166883,ION1_2,open,none,15,0.329029363,24.99,37.91,207.5064846,WP4,08/08/2003,06:25:00,summer,Oct-50,east,"Kotnik et al., 2007",10.1016/j.marchem.2007.02.012,,,
URANIA 2003,2003,35.7500683,17.9166883,ION1_2,open,none,2500,0.378882297,13.83,38.71,254.3829495,WP4,08/08/2003,06:25:00,summer,2000-2600,east,"Kotnik et al., 2007",10.1016/j.marchem.2007.02.012,,,
URANIA 2003,2003,35.7500683,17.9166883,ION1_2,open,none,4060,0.493544045,13.99,38.68,253.4454202,WP4,08/08/2003,06:25:00,summer,>3000,east,"Kotnik et al., 2007",10.1016/j.marchem.2007.02.012,,,
URANIA 2003,2003,34.3167167,24.33288,LEV,open,none,150,0.209382322,15.4,39.04,245.9451858,WP5,10/08/2003,05:35:00,summer,50-200,east,"Kotnik et al., 2007",10.1016/j.marchem.2007.02.012,,,
URANIA 2003,2003,34.3167167,24.33288,LEV,open,none,2000,0.159529388,13.76,38.74,254.6954592,WP5,10/08/2003,05:35:00,summer,1600-2000,east,"Kotnik et al., 2007",10.1016/j.marchem.2007.02.012,,,
URANIA 2003,2003,34.3167167,24.33288,LEV,open,none,2235,0.478588165,13.88,38.74,254.0704397,WP5,10/08/2003,05:35:00,summer,2000-2600,east,"Kotnik et al., 2007",10.1016/j.marchem.2007.02.012,,,
URANIA 2003,2003,39.9999,19.0006,ION3,open,none,20,0.139588215,23.66,38.84,211.2566018,WP7,13/08/2003,05:40:00,summer,Oct-50,east,"Kotnik et al., 2007",10.1016/j.marchem.2007.02.012,,,
URANIA 2003,2003,39.9999,19.0006,ION3,open,none,40,0.239294082,17.17,38.81,237.8199319,WP7,13/08/2003,05:40:00,summer,Oct-50,east,"Kotnik et al., 2007",10.1016/j.marchem.2007.02.012,,,
URANIA 2003,2003,39.9999,19.0006,ION3,open,none,75,0.094720574,15.33,38.87,246.5702053,WP7,13/08/2003,05:40:00,summer,50-200,east,"Kotnik et al., 2007",10.1016/j.marchem.2007.02.012,,,
URANIA 2003,2003,39.9999,19.0006,ION3,open,none,105,0.204397029,15.21,38.87,246.8827151,WP7,13/08/2003,05:40:00,summer,50-200,east,"Kotnik et al., 2007",10.1016/j.marchem.2007.02.012,,,
URANIA 2003,2003,39.9999,19.0006,ION3,open,none,300,0.687970487,14.71,38.87,249.3827932,WP7,13/08/2003,05:40:00,summer,200-400,east,"Kotnik et al., 2007",10.1016/j.marchem.2007.02.012,,,
URANIA 2003,2003,39.9999,19.0006,ION3,open,none,550,0.32404407,13.99,38.75,253.4454202,WP7,13/08/2003,05:40:00,summer,400-600,east,"Kotnik et al., 2007",10.1016/j.marchem.2007.02.012,,,
URANIA 2003,2003,39.9999,19.0006,ION3,open,none,910,0.358941124,13.36,38.66,256.8830276,WP7,13/08/2003,05:40:00,summer,800-1000,east,"Kotnik et al., 2007",10.1016/j.marchem.2007.02.012,,,
URANIA 2003,2003,37.867515,5.349008,SWM,open,none,1,0.209382322,28.5,36.95,196.8811525,WP13,20/08/2003,14:00:00,summer,0-10,west,"Kotnik et al., 2007",10.1016/j.marchem.2007.02.012,,,
URANIA 2003,2003,37.867515,5.349008,SWM,open,none,400,0.259235256,13.37,38.58,256.8830276,WP13,20/08/2003,14:00:00,summer,200-400,west,"Kotnik et al., 2007",10.1016/j.marchem.2007.02.012,,,
URANIA 2003,2003,37.867515,5.349008,SWM,open,none,900,0.139588215,13.17,38.49,258.1330667,WP13,20/08/2003,14:00:00,summer,800-1000,west,"Kotnik et al., 2007",10.1016/j.marchem.2007.02.012,,,
URANIA 2003,2003,37.867515,5.349008,SWM,open,none,2825,0.094720574,13.26,38.43,257.8205569,WP13,20/08/2003,14:00:00,summer,2600-3000,west,"Kotnik et al., 2007",10.1016/j.marchem.2007.02.012,,,
URANIA 2003,2003,35.833665,-4.00004,ALB,open,none,20,0.189441149,23.26,36.41,215.6317385,WP14,23/08/2003,10:10:00,summer,Oct-50,west,"Kotnik et al., 2007",10.1016/j.marchem.2007.02.012,,,
URANIA 2003,2003,35.833665,-4.00004,ALB,open,none,200,0.548382272,13.33,38.31,257.5080471,WP14,23/08/2003,10:10:00,summer,50-200,west,"Kotnik et al., 2007",10.1016/j.marchem.2007.02.012,,,
URANIA 2003,2003,35.833665,-4.00004,ALB,open,none,400,0.29413231,13.24,38.49,257.8205569,WP14,23/08/2003,10:10:00,summer,200-400,west,"Kotnik et al., 2007",10.1016/j.marchem.2007.02.012,,,
URANIA 2003,2003,35.833665,-4.00004,ALB,open,none,800,0.189441149,13.11,38.47,258.4455764,WP14,23/08/2003,10:10:00,summer,600-800,west,"Kotnik et al., 2007",10.1016/j.marchem.2007.02.012,,,
URANIA 2003,2003,35.833665,-4.00004,ALB,open,none,893,0.259235256,13.1,38.47,258.4455764,WP14,23/08/2003,10:10:00,summer,800-1000,west,"Kotnik et al., 2007",10.1016/j.marchem.2007.02.012,,,
URANIA 2003,2003,41.88347,10.299677,TYR1,open,none,1,0.30908819,27.7095,38.5373,197.7655552,WP16,27/08/2003,02:30:00,summer,0-10,west,"Kotnik et al., 2007",10.1016/j.marchem.2007.02.012,,,
URANIA 2003,2003,41.88347,10.299677,TYR1,open,none,70,0.418764644,13.8897,38.4733,254.3010719,WP16,27/08/2003,02:30:00,summer,50-200,west,"Kotnik et al., 2007",10.1016/j.marchem.2007.02.012,,,
URANIA 2003,2003,41.88347,10.299677,TYR1,open,none,150,0.643102847,13.8949,38.5942,254.0841901,WP16,27/08/2003,02:30:00,summer,50-200,west,"Kotnik et al., 2007",10.1016/j.marchem.2007.02.012,,,
URANIA 2003,2003,41.88347,10.299677,TYR1,open,none,400,0.63313226,13.8289,38.6675,254.3104472,WP16,27/08/2003,02:30:00,summer,200-400,west,"Kotnik et al., 2007",10.1016/j.marchem.2007.02.012,,,
URANIA 2003,2003,41.88347,10.299677,TYR1,open,none,900,0.643102847,13.6268,38.6135,255.4464202,WP16,27/08/2003,02:30:00,summer,800-1000,west,"Kotnik et al., 2007",10.1016/j.marchem.2007.02.012,,,
URANIA 2003,2003,41.88347,10.299677,TYR1,open,none,1130,0.32404407,13.5944,38.5995,255.6376762,WP16,27/08/2003,02:30:00,summer,1000-1600,west,"Kotnik et al., 2007",10.1016/j.marchem.2007.02.012,,,
URANIA 2004 fall,2004,38.000867,16.500722,ION3,open,none,1,0.258238197,23.3,38.83,208,F4,31/10/2004,08:40,fall,0-10,east,"Kotnik et al., 2015",10.1016/j.marpolbul.2015.05.037,,,
URANIA 2004 fall,2004,38.000867,16.500722,ION3,open,none,40,0.273194077,17.5,38.7,255,F4,31/10/2004,08:40,fall,Oct-50,east,"Kotnik et al., 2015",10.1016/j.marpolbul.2015.05.037,,,
URANIA 2004 fall,2004,38.000867,16.500722,ION3,open,none,100,0.387855825,14.6,38.87,213,F4,31/10/2004,08:40,fall,50-200,east,"Kotnik et al., 2015",10.1016/j.marpolbul.2015.05.037,,,
URANIA 2004 fall,2004,38.000867,16.500722,ION3,open,none,150,0.318061718,14.4,38.87,208,F4,31/10/2004,08:40,fall,50-200,east,"Kotnik et al., 2015",10.1016/j.marpolbul.2015.05.037,,,
URANIA 2004 fall,2004,38.000867,16.500722,ION3,open,none,700,0.333017598,13.8,38.79,197,F4,31/10/2004,08:40,fall,600-800,east,"Kotnik et al., 2015",10.1016/j.marpolbul.2015.05.037,,,
URANIA 2004 fall,2004,38.000867,16.500722,ION3,open,none,1505,0.571813151,13.8,38.77,207,F4,31/10/2004,08:40,fall,1000-1600,east,"Kotnik et al., 2015",10.1016/j.marpolbul.2015.05.037,,,
URANIA 2004 fall,2004,39.983246,18.983605,ION3,open,none,1,0.313076425,21,38.4,215,F5,01/11/2004,06:05,fall,0-10,east,"Kotnik et al., 2015",10.1016/j.marpolbul.2015.05.037,,,
URANIA 2004 fall,2004,39.983246,18.983605,ION3,open,none,100,0.492048457,14.9,38.85,217,F5,01/11/2004,06:05,fall,50-200,east,"Kotnik et al., 2015",10.1016/j.marpolbul.2015.05.037,,,
URANIA 2004 fall,2004,39.983246,18.983605,ION3,open,none,650,0.417767586,13.9,38.8,202,F5,01/11/2004,06:05,fall,600-800,east,"Kotnik et al., 2015",10.1016/j.marpolbul.2015.05.037,,,
URANIA 2004 fall,2004,39.983246,18.983605,ION3,open,none,850,0.457151403,13.8,38.78,208,F5,01/11/2004,06:05,fall,800-1000,east,"Kotnik et al., 2015",10.1016/j.marpolbul.2015.05.037,,,
URANIA 2004 fall,2004,42.000222,18.000372,SAD,open,none,1,0.442195523,19.8,38.68,221,FC,09/11/2004,01:30,fall,0-10,east,"Kotnik et al., 2015",10.1016/j.marpolbul.2015.05.037,,,
URANIA 2004 fall,2004,42.000222,18.000372,SAD,open,none,400,0.442195523,13.9,38.79,223,FC,09/11/2004,01:30,fall,200-400,east,"Kotnik et al., 2015",10.1016/j.marpolbul.2015.05.037,,,
URANIA 2004 fall,2004,42.000222,18.000372,SAD,open,none,1208,0.661049903,13.2,38.74,226,FC,09/11/2004,01:30,fall,1000-1600,east,"Kotnik et al., 2015",10.1016/j.marpolbul.2015.05.037,,,
URANIA 2004 fall,2004,41.195968,18.539902,SAD,open,none,100,0.531930804,14.9,38.91,211,F9,10/11/2004,05:30,fall,50-200,east,"Kotnik et al., 2015",10.1016/j.marpolbul.2015.05.037,,,
URANIA 2004 fall,2004,38.538147,18.77236,ION3,open,none,1,0.362929358,21.7,38.88,212,F10,11/11/2004,06:05,fall,0-10,east,"Kotnik et al., 2015",10.1016/j.marpolbul.2015.05.037,,,
URANIA 2005,2005,40.15266,18.95962,SAD,open,none,25,0.492048457,19,38.81,460,S2,19/06/2005,10:25,summer,Oct-50,east,"Kotnik et al., 2015",10.1016/j.marpolbul.2015.05.037,,,
URANIA 2005,2005,40.15266,18.95962,SAD,open,none,55,0.377885239,15.2,38.85,494,S2,19/06/2005,10:25,summer,50-200,east,"Kotnik et al., 2015",10.1016/j.marpolbul.2015.05.037,,,
URANIA 2005,2005,40.15266,18.95962,SAD,open,none,100,0.546886684,14.6,38.86,500,S2,19/06/2005,10:25,summer,50-200,east,"Kotnik et al., 2015",10.1016/j.marpolbul.2015.05.037,,,
URANIA 2005,2005,40.15266,18.95962,SAD,open,none,901,0.392841119,13.3,38.77,514,S2,19/06/2005,10:25,summer,800-1000,east,"Kotnik et al., 2015",10.1016/j.marpolbul.2015.05.037,,,
URANIA 2005,2005,40.85525,18.0626,SAD,open,none,1,0.462136697,21.4,38.63,440,S3,20/06/2005,06:30,summer,0-10,east,"Kotnik et al., 2015",10.1016/j.marpolbul.2015.05.037,,,
URANIA 2005,2005,40.85525,18.0626,SAD,open,none,35,0.342988185,15.8,38.9,488,S3,20/06/2005,06:30,summer,Oct-50,east,"Kotnik et al., 2015",10.1016/j.marpolbul.2015.05.037,,,
URANIA 2005,2005,40.85525,18.0626,SAD,open,none,60,0.477092577,14.8,38.88,498,S3,20/06/2005,06:30,summer,50-200,east,"Kotnik et al., 2015",10.1016/j.marpolbul.2015.05.037,,,
URANIA 2005,2005,40.85525,18.0626,SAD,open,none,119,0.566827858,14.2,38.85,505,S3,20/06/2005,06:30,summer,50-200,east,"Kotnik et al., 2015",10.1016/j.marpolbul.2015.05.037,,,
URANIA 2005,2005,42.01622,16.39733,SAD,open,none,1,0.228824966,21.3,38.43,441,S4,22/06/2005,06:30,summer,0-10,east,"Kotnik et al., 2015",10.1016/j.marpolbul.2015.05.037,,,
URANIA 2005,2005,42.01622,16.39733,SAD,open,none,10,0.228824966,21.2,38.49,442,S4,22/06/2005,06:30,summer,0-10,east,"Kotnik et al., 2015",10.1016/j.marpolbul.2015.05.037,,,
URANIA 2005,2005,42.01622,16.39733,SAD,open,none,30,0.134104392,15.2,38.79,495,S4,22/06/2005,06:30,summer,Oct-50,east,"Kotnik et al., 2015",10.1016/j.marpolbul.2015.05.037,,,
URANIA 2005,2005,42.01622,16.39733,SAD,open,none,50,0.49703375,14.1,38.76,506,S4,22/06/2005,06:30,summer,Oct-50,east,"Kotnik et al., 2015",10.1016/j.marpolbul.2015.05.037,,,
URANIA 2005,2005,42.01622,16.39733,SAD,open,none,110,0.303105838,12.4,38.66,523,S4,22/06/2005,06:30,summer,50-200,east,"Kotnik et al., 2015",10.1016/j.marpolbul.2015.05.037,,,
URANIA 2005,2005,43.47143,15.29403,SAD,open,none,30,0.164016152,17,38.69,477,S14,26/06/2005,14:30,summer,Oct-50,east,"Kotnik et al., 2015",10.1016/j.marpolbul.2015.05.037,,,
URANIA 2005,2005,43.47143,15.29403,SAD,open,none,105,0.283164664,14.4,38.86,502,S14,26/06/2005,14:30,summer,50-200,east,"Kotnik et al., 2015",10.1016/j.marpolbul.2015.05.037,,,
URANIA 2005,2005,43.47143,15.29403,SAD,open,none,187,0.263223491,10.9,38.71,541,S14,26/06/2005,14:30,summer,50-200,east,"Kotnik et al., 2015",10.1016/j.marpolbul.2015.05.037,,,
URANIA 2005,2005,42.78783,15.78319,SAD,open,none,60,0.124133805,14.5,38.87,501,S15,27/06/2005,06:45,summer,50-200,east,"Kotnik et al., 2015",10.1016/j.marpolbul.2015.05.037,,,
URANIA 2005,2005,42.4534,17.80582,SAD,open,none,30,0.427738172,16.3,38.85,484,S16,28/06/2005,06:30,summer,Oct-50,east,"Kotnik et al., 2015",10.1016/j.marpolbul.2015.05.037,,,
URANIA 2005,2005,42.4534,17.80582,SAD,open,none,340,0.661049903,14.1,38.85,505,S16,28/06/2005,06:30,summer,200-400,east,"Kotnik et al., 2015",10.1016/j.marpolbul.2015.05.037,,,
URANIA 2005,2005,42.10251,17.7145,SAD,open,none,45,0.149060272,15.9,38.88,488,S17,29/06/2005,07:00,summer,Oct-50,east,"Kotnik et al., 2015",10.1016/j.marpolbul.2015.05.037,,,
URANIA 2005,2005,42.10251,17.7145,SAD,open,none,200,0.427738172,14.3,38.87,503,S17,29/06/2005,07:00,summer,50-200,east,"Kotnik et al., 2015",10.1016/j.marpolbul.2015.05.037,,,
URANIA 2005,2005,42.216417,18.38357,SAD,open,none,1,0.268208784,24.3,38,420,S18,29/06/2005,12:00,summer,0-10,east,"Kotnik et al., 2015",10.1016/j.marpolbul.2015.05.037,,,
URANIA 2005,2005,42.216417,18.38357,SAD,open,none,200,0.362929358,14.5,38.9,501,S18,29/06/2005,12:00,summer,50-200,east,"Kotnik et al., 2015",10.1016/j.marpolbul.2015.05.037,,,
