Cruise,Year,Latitude,Longitude,Sub,C_O,HTS,Depth,HgT,MeHg,DGM,DMHg,MMHg,pHg,pMMHg,Temp,Sal,O2_uM,Station,Date,Time,Season,QF_HgT,QF_DGM,QF_MeHg,QF_MMHg,QF_DMHg,SD_HgT,SD_DGM,SD_MeHg,FHgT,dfac,Type,E_W,Reference,DOI,FMeHg,date_time,Transmission,Fluo
URANIA 2000,2000,37.27,11.9,TYR2,open,none,0.5,1.480632135,0.319058777,0.21087791,,,,,25.17,37.63,NaN,StL,20/07/2000,00:30,summer,,,,,,,,,1.196470412,0-10,,west,"Horvat et al., 2003",10.1016/S1352-2310(03)00249-8,0.199411735,,,
URANIA 2000,2000,35.08,14.27,ION1_2,open,none,0.5,2.078867341,0.249264669,0.164016152,,,,,26.72,38.5,NaN,StI,20/07/2000,23:30,summer,,,,,,,,,1.979161474,0-10,,east,"Horvat et al., 2003",10.1016/S1352-2310(03)00249-8,0.159529388,,,
URANIA 2000,2000,35.08,14.27,ION1_2,open,none,4000,1.385911561,0.264220549,0.24078967,,,,,13.94,38.69,NaN,StI,20/07/2000,23:30,summer,,,,,,,,,1.31113216,>3000,,east,"Horvat et al., 2003",10.1016/S1352-2310(03)00249-8,0.164514682,,,
URANIA 2000,2000,33.88,17.5,ION1_2,open,none,0.99,1.545440949,0.259235256,0.235804377,,,,,26.42,38.66,NaN,StH,20/07/2000,10:00,summer,,,,,,,,,1.321102747,0-10,,east,"Horvat et al., 2003",10.1016/S1352-2310(03)00249-8,0.194426442,,,
URANIA 2000,2000,33.88,17.5,ION1_2,open,none,20,1.495588015,0.259235256,0.122139688,,,,,26.4,38.65,NaN,StH,20/07/2000,10:00,summer,,,,,,,,,,Oct-50,,east,"Horvat et al., 2003",10.1016/S1352-2310(03)00249-8,0.194426442,,,
URANIA 2000,2000,33.88,17.5,ION1_2,open,none,100,1.545440949,0.259235256,0.169499975,,,,,15.09,38.57,NaN,StH,20/07/2000,10:00,summer,,,,,,,,,0.857470462,50-200,,east,"Horvat et al., 2003",10.1016/S1352-2310(03)00249-8,0.194426442,,,
URANIA 2000,2000,33.88,17.5,ION1_2,open,none,500,1.00204397,0.319058777,0.200907323,,,,,13.79,38.77,NaN,StH,20/07/2000,10:00,summer,,,,,,,,,0.827558702,400-600,,east,"Horvat et al., 2003",10.1016/S1352-2310(03)00249-8,0.149558802,,,
URANIA 2000,2000,33.88,17.5,ION1_2,open,none,1000,,0.264220549,0.177476444,,,,,13.61,38.72,NaN,StH,20/07/2000,10:00,summer,,,,,,,,,0.97213221,800-1000,,east,"Horvat et al., 2003",10.1016/S1352-2310(03)00249-8,0.149558802,,,
URANIA 2000,2000,33.88,17.5,ION1_2,open,none,2483,1.276235106,0.32404407,0.282666135,,,,,13.77,38.72,NaN,StH,20/07/2000,10:00,summer,,,,,,,,,1.01699985,2000-2600,,east,"Horvat et al., 2003",10.1016/S1352-2310(03)00249-8,0.149558802,,,
URANIA 2000,2000,36.78,18.62,ION3,open,none,2.98,1.969190887,0.244279376,0.144074979,,,,,25.01,38.42,NaN,StA,20/07/2000,13:30,summer,,,,,,,,,1.774764445,0-10,,east,"Horvat et al., 2003",10.1016/S1352-2310(03)00249-8,0.149558802,,,
URANIA 2000,2000,33.3,20.9,ION1_2,open,none,1.49,2.333117304,0.269205843,0.212373498,,,,,25.61,38.58,NaN,StG,20/07/2000,10:00,summer,,,,,,,,,1.081808664,0-10,,east,"Horvat et al., 2003",10.1016/S1352-2310(03)00249-8,0.159529388,,,
URANIA 2000,2000,34.08,24.53,LEV,open,none,2.48,1.346029214,0.189441149,0.071788225,,,,,23.1,38.98,NaN,StC,20/07/2000,06:00,summer,,,,,,,,,0.6032205,0-10,,east,"Horvat et al., 2003",10.1016/S1352-2310(03)00249-8,0.159529388,,,
URANIA 2000,2000,32.67,28,LEV,open,none,1.49,1.530485069,0.189441149,0.127623511,,,,,25.6,39.19,NaN,StE,20/07/2000,18:00,summer,,,,,,,,,1.156588065,0-10,,east,"Horvat et al., 2003",10.1016/S1352-2310(03)00249-8,0.159529388,,,
URANIA 2000,2000,34.73,28.05,LEV,open,none,1.99,1.066852784,0.329029363,0.139089685,,,,,23.6,39.24,NaN,StD,20/07/2000,03:00,summer,,,,,,,,,0.812602822,0-10,,east,"Horvat et al., 2003",10.1016/S1352-2310(03)00249-8,0.159529388,,,
URANIA 2000,2000,39.42,6.08,NWM,open,none,0.5,1.346029214,0.30908819,0.072286754,,,,,25.57,37.33,NaN,St19,02/08/2000,18:30,summer,,,,,,,,,0.877411636,0-10,,west,"Horvat et al., 2003",10.1016/S1352-2310(03)00249-8,0.199411735,,,
URANIA 2000,2000,39.42,6.08,NWM,open,none,20,1.530485069,0.299117603,0.124632335,,,,,23.47,37.51,NaN,St19,02/08/2000,18:30,summer,,,,,,,,,1.046911611,Oct-50,,west,"Horvat et al., 2003",10.1016/S1352-2310(03)00249-8,0.189441149,,,
URANIA 2000,2000,39.42,6.08,NWM,open,none,100,1.331073334,0.274191136,0.241786729,,,,,14.54,37.85,NaN,St19,02/08/2000,18:30,summer,,,,,,,,,0.837529289,50-200,,west,"Horvat et al., 2003",10.1016/S1352-2310(03)00249-8,0.149558802,,,
URANIA 2000,2000,39.42,6.08,NWM,open,none,500,1.640161524,0.274191136,0.438705818,,,,,13.39,38.56,NaN,St19,02/08/2000,18:30,summer,,,,,,,,,1.301161573,400-600,,west,"Horvat et al., 2003",10.1016/S1352-2310(03)00249-8,0.174485268,,,
URANIA 2000,2000,39.42,6.08,NWM,open,none,1000,1.719926218,0.32404407,0.329029363,,,,,13.22,38.52,NaN,St19,02/08/2000,18:30,summer,,,,,,,,,1.191485119,800-1000,,west,"Horvat et al., 2003",10.1016/S1352-2310(03)00249-8,0.209382322,,,
URANIA 2000,2000,39.42,6.08,NWM,open,none,2780,,0.289147016,0.396330824,,,,,13.25,38.46,NaN,St19,02/08/2000,18:30,summer,,,,,,,,,1.660102697,2600-3000,,west,"Horvat et al., 2003",10.1016/S1352-2310(03)00249-8,0.199411735,,,
URANIA 2000,2000,40.85,6.25,NWM,open,none,0.5,1.355999801,0.264220549,0.062316167,,,,,24.35,37.64,NaN,St20,02/08/2000,08:00,summer,,,,,,,,,0.822573408,0-10,,west,"Horvat et al., 2003",10.1016/S1352-2310(03)00249-8,0.189441149,,,
URANIA 2000,2000,38.33,7.25,SWM,open,none,0.5,1.221396879,0.393838177,0.072286754,,,,,24.33,37.91,NaN,St18,02/08/2000,08:30,summer,,,,,,,,,1.161573359,0-10,,west,"Horvat et al., 2003",10.1016/S1352-2310(03)00249-8,0.264220549,,,
URANIA 2000,2000,41.4166667,7.8,NWM,open,none,0.5,1.480632135,0.274191136,0.092227928,,,,,23.05,37.95,NaN,St21,02/08/2000,17:30,summer,,,,,,,,,1.096764545,0-10,,west,"Horvat et al., 2003",10.1016/S1352-2310(03)00249-8,0.199411735,,,
URANIA 2000,2000,41.1666667,8.5,NWM,open,none,0.5,1.136646892,0.299117603,0.059823521,,,,,24.17,38.24,NaN,St22,02/08/2000,21:00,summer,,,,,,,,,0.747794008,0-10,,west,"Horvat et al., 2003",10.1016/S1352-2310(03)00249-8,0.209382322,,,
URANIA 2000,2000,38.25,8.83,SWM,open,none,1.99,1.116705718,0.348970537,0.175980856,,,,,23.9,38.33,NaN,St17,02/08/2000,14:00,summer,,,,,,,,,0.573308739,0-10,,west,"Horvat et al., 2003",10.1016/S1352-2310(03)00249-8,0.209382322,,,
URANIA 2000,2000,41.35,9.65,TYR1,open,none,0.5,0.95717633,0.289147016,0.026422055,,,,,23.19,38.24,NaN,St23,02/08/2000,06:15,summer,,,,,,,,,0.847499875,0-10,,west,"Horvat et al., 2003",10.1016/S1352-2310(03)00249-8,0.174485268,,,
URANIA 2000,2000,38.58,10.42,TYR2,open,none,0.99,1.306146867,0.314073483,0.078767635,,,,,23.55,38.08,NaN,St16,02/08/2000,08:00,summer,,,,,,,,,0.902338103,0-10,,west,"Horvat et al., 2003",10.1016/S1352-2310(03)00249-8,0.199411735,,,
URANIA 2000,2000,41.67,11,TYR1,open,none,0.5,0.812602822,0.319058777,0.019941174,,,,,23.29,38.31,NaN,St24,02/08/2000,13:00,summer,,,,,,,,,0.588264619,0-10,,west,"Horvat et al., 2003",10.1016/S1352-2310(03)00249-8,0.209382322,,,
URANIA 2000,2000,39.08,11.83,TYR2,open,none,1.99,,0.299117603,0.207886734,,,,,25.39,38.25,NaN,St15,02/08/2000,17:00,summer,,,,,,,,,1.92930854,0-10,,west,"Horvat et al., 2003",10.1016/S1352-2310(03)00249-8,0.164514682,,,
URANIA 2000,2000,39.67,13.33,TYR2,open,none,0.5,2.063911461,0.259235256,0.162022035,,,,,25.72,38.23,NaN,St14,02/08/2000,05:00,summer,,,,,,,,,1.884440899,0-10,,west,"Horvat et al., 2003",10.1016/S1352-2310(03)00249-8,0.189441149,,,
URANIA 2003,2003,37.3401767,11.8287083,TYR2,open,none,1,,0.099705868,0.250261728,,,,,26.71,37.36,202.5063283,WP3,06/08/2003,12:30:00,summer,,,,,,,,,4.835734583,0-10,B,west,"Kotnik et al., 2007",10.1016/j.marchem.2007.02.012,,,,
URANIA 2003,2003,37.3401767,11.8287083,TYR2,open,none,10,2.642205494,,0.263223491,,,,,26.16,37.42,204.0688772,WP3,06/08/2003,12:30:00,summer,,,,,,,,,2.442793758,0-10,B,west,"Kotnik et al., 2007",10.1016/j.marchem.2007.02.012,,,,
URANIA 2003,2003,37.3401767,11.8287083,TYR2,open,none,18,1.94426442,0.119647041,0.122139688,,,,,25.15,37.32,207.8189943,WP3,06/08/2003,12:30:00,summer,,,,,,,,,1.94426442,Oct-50,B,west,"Kotnik et al., 2007",10.1016/j.marchem.2007.02.012,,,,
URANIA 2003,2003,37.3401767,11.8287083,TYR2,open,none,25,1.994117354,0.129617628,0.205394087,,,,,20.36,37.05,226.5695803,WP3,06/08/2003,12:30:00,summer,,,,,,,,,2.343087891,Oct-50,B,west,"Kotnik et al., 2007",10.1016/j.marchem.2007.02.012,,,,
URANIA 2003,2003,37.3401767,11.8287083,TYR2,open,none,36,1.645146817,0.169499975,0.17348821,,,,,18.32,37.15,235.007344,WP3,06/08/2003,12:30:00,summer,,,,,,,,,0.747794008,Oct-50,B,west,"Kotnik et al., 2007",10.1016/j.marchem.2007.02.012,,,,
URANIA 2003,2003,37.3401767,11.8287083,TYR2,open,none,64,2.093823221,0.089735281,0.211874969,,,,,16.47,37.24,243.4451077,WP3,06/08/2003,12:30:00,summer,,,,,,,,,0.099705868,50-200,B,west,"Kotnik et al., 2007",10.1016/j.marchem.2007.02.012,,,,
URANIA 2003,2003,37.3401767,11.8287083,TYR2,open,none,95,2.642205494,0.448676405,0.455655815,,,,,15.49,37.34,248.1327541,WP3,06/08/2003,12:30:00,summer,,,,,,,,,0.299117603,50-200,B,west,"Kotnik et al., 2007",10.1016/j.marchem.2007.02.012,,,,
URANIA 2003,2003,36.5013333,14.2846667,ION1_2,open,none,1,,,0.086744105,,,,,26.07,37.79,204.0688772,St1A,07/08/2003,12:30:00,summer,,,,,,,,,,0-10,B,east,"Kotnik et al., 2007",10.1016/j.marchem.2007.02.012,,,,
URANIA 2003,2003,36.5013333,14.2846667,ION1_2,open,none,50,,,0.174485268,,,,,15.24,37.79,248.4452639,St1A,07/08/2003,12:30:00,summer,,,,,,,,,,Oct-50,B,east,"Kotnik et al., 2007",10.1016/j.marchem.2007.02.012,,,,
URANIA 2003,2003,36.5013333,14.2846667,ION1_2,open,none,100,,,0.185452914,,,,,14.8,38.55,249.695303,St1A,07/08/2003,12:30:00,summer,,,,,,,,,,50-200,B,east,"Kotnik et al., 2007",10.1016/j.marchem.2007.02.012,,,,
URANIA 2003,2003,36.5013333,14.2846667,ION1_2,open,none,200,,,0.141582332,,,,,14.47,38.71,250.945342,St1A,07/08/2003,12:30:00,summer,,,,,,,,,,50-200,B,east,"Kotnik et al., 2007",10.1016/j.marchem.2007.02.012,,,,
URANIA 2003,2003,36.5013333,14.2846667,ION1_2,open,none,400,,,0.141582332,,,,,14.18,38.79,252.1953811,St1A,07/08/2003,12:30:00,summer,,,,,,,,,,200-400,B,east,"Kotnik et al., 2007",10.1016/j.marchem.2007.02.012,,,,
URANIA 2003,2003,36.5013333,14.2846667,ION1_2,open,none,600,,,0.131113216,,,,,14,38.77,253.1329104,St1A,07/08/2003,12:30:00,summer,,,,,,,,,,400-600,B,east,"Kotnik et al., 2007",10.1016/j.marchem.2007.02.012,,,,
URANIA 2003,2003,36.5013333,14.2846667,ION1_2,open,none,650,,,0.136597039,,,,,13.97,38.77,253.4454202,St1A,07/08/2003,12:30:00,summer,,,,,,,,,,600-800,B,east,"Kotnik et al., 2007",10.1016/j.marchem.2007.02.012,,,,
URANIA 2003,2003,35.7500683,17.9166883,ION1_2,open,none,1,0.398823471,0.109676454,0.156039683,,,,,28.65,38.26,195.0060939,WP4,08/08/2003,06:25:00,summer,,,,,,,,,0.199411735,0-10,B,east,"Kotnik et al., 2007",10.1016/j.marchem.2007.02.012,,,,
URANIA 2003,2003,35.7500683,17.9166883,ION1_2,open,none,15,0.448676405,0.329029363,0.035894112,,,,,24.99,37.91,207.5064846,WP4,08/08/2003,06:25:00,summer,,,,,,,,,0.149558802,Oct-50,B,east,"Kotnik et al., 2007",10.1016/j.marchem.2007.02.012,0.039882347,,,
URANIA 2003,2003,35.7500683,17.9166883,ION1_2,open,none,36,0.199411735,,0.047858816,,,,,17.36,37.64,238.7574612,WP4,08/08/2003,06:25:00,summer,,,,,,,,,,Oct-50,B,east,"Kotnik et al., 2007",10.1016/j.marchem.2007.02.012,0.019941174,,,
URANIA 2003,2003,35.7500683,17.9166883,ION1_2,open,none,85,0.299117603,,0.120145571,,,,,15.28,38.35,247.1952249,WP4,08/08/2003,06:25:00,summer,,,,,,,,,0.199411735,50-200,B,east,"Kotnik et al., 2007",10.1016/j.marchem.2007.02.012,0.019941174,,,
URANIA 2003,2003,35.7500683,17.9166883,ION1_2,open,none,170,0.249264669,,0.132110275,,,,,14.85,38.85,248.7577737,WP4,08/08/2003,06:25:00,summer,,,,,,,,,0.199411735,50-200,B,east,"Kotnik et al., 2007",10.1016/j.marchem.2007.02.012,0.019941174,,,
URANIA 2003,2003,35.7500683,17.9166883,ION1_2,open,none,340,,,0.120145571,,,,,14.36,38.87,251.2578518,WP4,08/08/2003,06:25:00,summer,,,,,,,,,,200-400,B,east,"Kotnik et al., 2007",10.1016/j.marchem.2007.02.012,0.019941174,,,
URANIA 2003,2003,35.7500683,17.9166883,ION1_2,open,none,1000,0.348970537,,0.108180866,,,,,13.72,38.73,254.6954592,WP4,08/08/2003,06:25:00,summer,,,,,,,,,0.099705868,800-1000,B,east,"Kotnik et al., 2007",10.1016/j.marchem.2007.02.012,0.019941174,,,
URANIA 2003,2003,35.7500683,17.9166883,ION1_2,open,none,2500,0.448676405,0.378882297,0.264220549,,,,,13.83,38.71,254.3829495,WP4,08/08/2003,06:25:00,summer,,,,,,,,,0.348970537,2000-2600,B,east,"Kotnik et al., 2007",10.1016/j.marchem.2007.02.012,0.02991176,,,
URANIA 2003,2003,35.7500683,17.9166883,ION1_2,open,none,3800,0.398823471,,0.300114662,,,,,13.94,38.68,253.7579299,WP4,08/08/2003,06:25:00,summer,,,,,,,,,,>3000,B,east,"Kotnik et al., 2007",10.1016/j.marchem.2007.02.012,0.01495588,,,
URANIA 2003,2003,35.7500683,17.9166883,ION1_2,open,none,4060,0.498529338,0.493544045,0.179969091,,,,,13.99,38.68,253.4454202,WP4,08/08/2003,06:25:00,summer,,,,,,,,,0.348970537,>3000,B,east,"Kotnik et al., 2007",10.1016/j.marchem.2007.02.012,0.004985293,,,
URANIA 2003,2003,34.3167167,24.33288,LEV,open,none,1,0.697941074,,0.072785283,,,,,25.19,39.27,205.3189162,WP5,10/08/2003,05:35:00,summer,,,,,,,,,,0-10,B,east,"Kotnik et al., 2007",10.1016/j.marchem.2007.02.012,,,,
URANIA 2003,2003,34.3167167,24.33288,LEV,open,none,40,0.598235206,,0.217857321,,,,,17.61,39.08,235.3198537,WP5,10/08/2003,05:35:00,summer,,,,,,,,,0.299117603,Oct-50,B,east,"Kotnik et al., 2007",10.1016/j.marchem.2007.02.012,,,,
URANIA 2003,2003,34.3167167,24.33288,LEV,open,none,90,0.697941074,,0.15105439,,,,,15.99,39.01,243.1325979,WP5,10/08/2003,05:35:00,summer,,,,,,,,,0.398823471,50-200,B,east,"Kotnik et al., 2007",10.1016/j.marchem.2007.02.012,,,,
URANIA 2003,2003,34.3167167,24.33288,LEV,open,none,150,0.548382272,0.209382322,0.296126427,,,,,15.4,39.04,245.9451858,WP5,10/08/2003,05:35:00,summer,,,,,,,,,2.193529089,50-200,B,east,"Kotnik et al., 2007",10.1016/j.marchem.2007.02.012,,,,
URANIA 2003,2003,34.3167167,24.33288,LEV,open,none,700,0.498529338,,0.30161025,,,,,13.77,38.76,254.3829495,WP5,10/08/2003,05:35:00,summer,,,,,,,,,0.697941074,600-800,B,east,"Kotnik et al., 2007",10.1016/j.marchem.2007.02.012,,,,
URANIA 2003,2003,34.3167167,24.33288,LEV,open,none,1000,0.697941074,,0.27917643,,,,,13.73,38.74,254.6954592,WP5,10/08/2003,05:35:00,summer,,,,,,,,,0.548382272,800-1000,B,east,"Kotnik et al., 2007",10.1016/j.marchem.2007.02.012,,,,
URANIA 2003,2003,34.3167167,24.33288,LEV,open,none,2000,0.697941074,0.159529388,0.139588215,,,,,13.76,38.74,254.6954592,WP5,10/08/2003,05:35:00,summer,,,,,,,,,,1600-2000,B,east,"Kotnik et al., 2007",10.1016/j.marchem.2007.02.012,,,,
URANIA 2003,2003,34.3167167,24.33288,LEV,open,none,2235,0.697941074,0.478588165,0.206889675,,,,,13.88,38.74,254.0704397,WP5,10/08/2003,05:35:00,summer,,,,,,,,,1.794705618,2000-2600,B,east,"Kotnik et al., 2007",10.1016/j.marchem.2007.02.012,,,,
URANIA 2003,2003,39.9999,19.0006,ION3,open,none,1,1.096764545,,0.095219104,,,,,26.35,38.89,201.8813088,WP7,13/08/2003,05:40:00,summer,,,,,,,,,0.64808814,0-10,B,east,"Kotnik et al., 2007",10.1016/j.marchem.2007.02.012,0.119647041,,,
URANIA 2003,2003,39.9999,19.0006,ION3,open,none,20,1.046911611,0.139588215,0.126626452,,,,,23.66,38.84,211.2566018,WP7,13/08/2003,05:40:00,summer,,,,,,,,,5.384116855,Oct-50,B,east,"Kotnik et al., 2007",10.1016/j.marchem.2007.02.012,0.104691161,,,
URANIA 2003,2003,39.9999,19.0006,ION3,open,none,40,1.645146817,0.239294082,0.126626452,,,,,17.17,38.81,237.8199319,WP7,13/08/2003,05:40:00,summer,,,,,,,,,1.246323346,Oct-50,B,east,"Kotnik et al., 2007",10.1016/j.marchem.2007.02.012,0.02991176,,,
URANIA 2003,2003,39.9999,19.0006,ION3,open,none,75,1.346029214,0.094720574,0.101201456,,,,,15.33,38.87,246.5702053,WP7,13/08/2003,05:40:00,summer,,,,,,,,,0.797646942,50-200,B,east,"Kotnik et al., 2007",10.1016/j.marchem.2007.02.012,0.069794107,,,
URANIA 2003,2003,39.9999,19.0006,ION3,open,none,105,1.894411486,0.204397029,0.164514682,,,,,15.21,38.87,246.8827151,WP7,13/08/2003,05:40:00,summer,,,,,,,,,0.697941074,50-200,B,east,"Kotnik et al., 2007",10.1016/j.marchem.2007.02.012,0.099705868,,,
URANIA 2003,2003,39.9999,19.0006,ION3,open,none,300,0.64808814,0.687970487,0.133107333,,,,,14.71,38.87,249.3827932,WP7,13/08/2003,05:40:00,summer,,,,,,,,,0.897352809,200-400,B,east,"Kotnik et al., 2007",10.1016/j.marchem.2007.02.012,0.099705868,,,
URANIA 2003,2003,39.9999,19.0006,ION3,open,none,550,1.445735082,0.32404407,0.259733785,,,,,13.99,38.75,253.4454202,WP7,13/08/2003,05:40:00,summer,,,,,,,,,2.093823221,400-600,B,east,"Kotnik et al., 2007",10.1016/j.marchem.2007.02.012,0.069794107,,,
URANIA 2003,2003,39.9999,19.0006,ION3,open,none,910,1.196470412,0.358941124,0.215364674,,,,,13.36,38.66,256.8830276,WP7,13/08/2003,05:40:00,summer,,,,,,,,,1.545440949,800-1000,B,east,"Kotnik et al., 2007",10.1016/j.marchem.2007.02.012,0.069794107,,,
URANIA 2003,2003,37.6161667,15.266,ION3,open,none,1,,,0.071788225,,,,,27.98,39,196.256133,WP11,15/08/2003,14:30:00,summer,,,,,,,,,,0-10,B,east,"Kotnik et al., 2007",10.1016/j.marchem.2007.02.012,,,,
URANIA 2003,2003,37.6161667,15.266,ION3,open,none,20,,,0.046363228,,,,,25.17,38.83,205.9439357,WP11,15/08/2003,14:30:00,summer,,,,,,,,,,Oct-50,B,east,"Kotnik et al., 2007",10.1016/j.marchem.2007.02.012,,,,
URANIA 2003,2003,37.6161667,15.266,ION3,open,none,40,,,0.200408794,,,,,18.93,38.48,230.6322073,WP11,15/08/2003,14:30:00,summer,,,,,,,,,,Oct-50,B,east,"Kotnik et al., 2007",10.1016/j.marchem.2007.02.012,,,,
URANIA 2003,2003,37.6161667,15.266,ION3,open,none,75,,,0.046363228,,,,,15.06,38.62,248.1327541,WP11,15/08/2003,14:30:00,summer,,,,,,,,,,50-200,B,east,"Kotnik et al., 2007",10.1016/j.marchem.2007.02.012,,,,
URANIA 2003,2003,37.6161667,15.266,ION3,open,none,100,,,0.205892617,,,,,14.93,38.75,248.7577737,WP11,15/08/2003,14:30:00,summer,,,,,,,,,,50-200,B,east,"Kotnik et al., 2007",10.1016/j.marchem.2007.02.012,,,,
URANIA 2003,2003,37.6161667,15.266,ION3,open,none,300,,,0.102697044,,,,,14.28,38.81,251.8828713,WP11,15/08/2003,14:30:00,summer,,,,,,,,,,200-400,B,east,"Kotnik et al., 2007",10.1016/j.marchem.2007.02.012,,,,
URANIA 2003,2003,37.6161667,15.266,ION3,open,none,500,,,0.184954385,,,,,14.05,38.8,253.1329104,WP11,15/08/2003,14:30:00,summer,,,,,,,,,,400-600,B,east,"Kotnik et al., 2007",10.1016/j.marchem.2007.02.012,,,,
URANIA 2003,2003,37.6161667,15.266,ION3,open,none,730,,,0.195423501,,,,,13.84,38.76,254.0704397,WP11,15/08/2003,14:30:00,summer,,,,,,,,,,600-800,B,east,"Kotnik et al., 2007",10.1016/j.marchem.2007.02.012,,,,
URANIA 2003,2003,38.0831667,15.5661667,TYR2,open,none,1,,,0.088239693,,,,,27,38.87,199.6937404,WP12,16/08/2003,02:45:00,summer,,,,,,,,,,0-10,B,east,"Kotnik et al., 2007",10.1016/j.marchem.2007.02.012,,,,
URANIA 2003,2003,38.0831667,15.5661667,TYR2,open,none,20,,,0.06032205,,,,,25.44,38.84,205.0064065,WP12,16/08/2003,02:45:00,summer,,,,,,,,,,Oct-50,B,east,"Kotnik et al., 2007",10.1016/j.marchem.2007.02.012,,,,
URANIA 2003,2003,38.0831667,15.5661667,TYR2,open,none,40,,,0.083752929,,,,,20.81,38.5,222.5069533,WP12,16/08/2003,02:45:00,summer,,,,,,,,,,Oct-50,B,east,"Kotnik et al., 2007",10.1016/j.marchem.2007.02.012,,,,
URANIA 2003,2003,38.0831667,15.5661667,TYR2,open,none,75,,,0.088239693,,,,,15.19,38.61,247.5077346,WP12,16/08/2003,02:45:00,summer,,,,,,,,,,50-200,B,east,"Kotnik et al., 2007",10.1016/j.marchem.2007.02.012,,,,
URANIA 2003,2003,38.0831667,15.5661667,TYR2,open,none,100,,,0.102198514,,,,,14.81,38.65,249.3827932,WP12,16/08/2003,02:45:00,summer,,,,,,,,,,50-200,B,east,"Kotnik et al., 2007",10.1016/j.marchem.2007.02.012,,,,
URANIA 2003,2003,38.0831667,15.5661667,TYR2,open,none,300,,,0.065307343,,,,,14.27,38.8,251.8828713,WP12,16/08/2003,02:45:00,summer,,,,,,,,,,200-400,B,east,"Kotnik et al., 2007",10.1016/j.marchem.2007.02.012,,,,
URANIA 2003,2003,38.0831667,15.5661667,TYR2,open,none,500,,,0.116157336,,,,,14.16,38.81,252.5078909,WP12,16/08/2003,02:45:00,summer,,,,,,,,,,400-600,B,east,"Kotnik et al., 2007",10.1016/j.marchem.2007.02.012,,,,
URANIA 2003,2003,38.0831667,15.5661667,TYR2,open,none,940,,,0.107183808,,,,,13.81,38.75,254.3829495,WP12,16/08/2003,02:45:00,summer,,,,,,,,,,800-1000,B,east,"Kotnik et al., 2007",10.1016/j.marchem.2007.02.012,,,,
URANIA 2003,2003,37.867515,5.349008,SWM,open,none,1,,0.209382322,0.065805873,,,,,28.5,36.95,196.8811525,WP13,20/08/2003,14:00:00,summer,,,,,,,,,1.445735082,0-10,B,west,"Kotnik et al., 2007",10.1016/j.marchem.2007.02.012,,,,
URANIA 2003,2003,37.867515,5.349008,SWM,open,none,20,,,0.017947056,,,,,20.55,36.62,226.2570705,WP13,20/08/2003,14:00:00,summer,,,,,,,,,0.628146966,Oct-50,B,west,"Kotnik et al., 2007",10.1016/j.marchem.2007.02.012,,,,
URANIA 2003,2003,37.867515,5.349008,SWM,open,none,40,,,0.077770577,,,,,15.69,36.73,247.8202444,WP13,20/08/2003,14:00:00,summer,,,,,,,,,1.655117404,Oct-50,B,west,"Kotnik et al., 2007",10.1016/j.marchem.2007.02.012,,,,
URANIA 2003,2003,37.867515,5.349008,SWM,open,none,60,,,0.065805873,,,,,15.35,37.32,248.7577737,WP13,20/08/2003,14:00:00,summer,,,,,,,,,0.473602872,50-200,B,west,"Kotnik et al., 2007",10.1016/j.marchem.2007.02.012,,,,
URANIA 2003,2003,37.867515,5.349008,SWM,open,none,100,,,0.077770577,,,,,14.06,37.91,254.3829495,WP13,20/08/2003,14:00:00,summer,,,,,,,,,1.131661598,50-200,B,west,"Kotnik et al., 2007",10.1016/j.marchem.2007.02.012,,,,
URANIA 2003,2003,37.867515,5.349008,SWM,open,none,400,,0.259235256,0.23381026,,,,,13.37,38.58,256.8830276,WP13,20/08/2003,14:00:00,summer,,,,,,,,,2.552470213,200-400,B,west,"Kotnik et al., 2007",10.1016/j.marchem.2007.02.012,,,,
URANIA 2003,2003,37.867515,5.349008,SWM,open,none,900,,0.139588215,0.209382322,,,,,13.17,38.49,258.1330667,WP13,20/08/2003,14:00:00,summer,,,,,,,,,6.431028466,800-1000,B,west,"Kotnik et al., 2007",10.1016/j.marchem.2007.02.012,,,,
URANIA 2003,2003,37.867515,5.349008,SWM,open,none,1400,,,0.209382322,,,,,13.1,38.45,258.4455764,WP13,20/08/2003,14:00:00,summer,,,,,,,,,1.171543945,1000-1600,B,west,"Kotnik et al., 2007",10.1016/j.marchem.2007.02.012,,,,
URANIA 2003,2003,37.867515,5.349008,SWM,open,none,2500,,,0.191435266,,,,,13.21,38.43,257.8205569,WP13,20/08/2003,14:00:00,summer,,,,,,,,,1.156588065,2000-2600,B,west,"Kotnik et al., 2007",10.1016/j.marchem.2007.02.012,,,,
URANIA 2003,2003,37.867515,5.349008,SWM,open,none,2825,,0.094720574,0.197417618,,,,,13.26,38.43,257.8205569,WP13,20/08/2003,14:00:00,summer,,,,,,,,,1.286205693,2600-3000,B,west,"Kotnik et al., 2007",10.1016/j.marchem.2007.02.012,,,,
URANIA 2003,2003,35.833665,-4.00004,ALB,open,none,1,0.403808764,,0.088239693,,,,,25,36.47,209.3815432,WP14,23/08/2003,10:10:00,summer,,,,,,,,,0.827558702,0-10,B,west,"Kotnik et al., 2007",10.1016/j.marchem.2007.02.012,,,,
URANIA 2003,2003,35.833665,-4.00004,ALB,open,none,20,0.623161673,0.189441149,0.088239693,,,,,23.26,36.41,215.6317385,WP14,23/08/2003,10:10:00,summer,,,,,,,,,0.638117553,Oct-50,B,west,"Kotnik et al., 2007",10.1016/j.marchem.2007.02.012,,,,
URANIA 2003,2003,35.833665,-4.00004,ALB,open,none,35,0.777705768,,0.165013211,,,,,20.38,36.33,227.1945998,WP14,23/08/2003,10:10:00,summer,,,,,,,,,0.598235206,Oct-50,B,west,"Kotnik et al., 2007",10.1016/j.marchem.2007.02.012,,,,
URANIA 2003,2003,35.833665,-4.00004,ALB,open,none,60,1.071838078,,0.041377935,,,,,18.11,36.32,237.1949123,WP14,23/08/2003,10:10:00,summer,,,,,,,,,0.523455805,50-200,B,west,"Kotnik et al., 2007",10.1016/j.marchem.2007.02.012,,,,
URANIA 2003,2003,35.833665,-4.00004,ALB,open,none,160,0.882396929,,0.259235256,,,,,13.77,37.95,255.6329885,WP14,23/08/2003,10:10:00,summer,,,,,,,,,1.694999751,50-200,B,west,"Kotnik et al., 2007",10.1016/j.marchem.2007.02.012,,,,
URANIA 2003,2003,35.833665,-4.00004,ALB,open,none,200,1.29617628,0.548382272,0.282666135,,,,,13.33,38.31,257.5080471,WP14,23/08/2003,10:10:00,summer,,,,,,,,,0.98708809,50-200,B,west,"Kotnik et al., 2007",10.1016/j.marchem.2007.02.012,,,,
URANIA 2003,2003,35.833665,-4.00004,ALB,open,none,400,1.2812204,0.29413231,0.506505808,,,,,13.24,38.49,257.8205569,WP14,23/08/2003,10:10:00,summer,,,,,,,,,1.041926317,200-400,B,west,"Kotnik et al., 2007",10.1016/j.marchem.2007.02.012,,,,
URANIA 2003,2003,35.833665,-4.00004,ALB,open,none,800,0.867441049,0.189441149,0.306595543,,,,,13.11,38.47,258.4455764,WP14,23/08/2003,10:10:00,summer,,,,,,,,,1.385911561,600-800,B,west,"Kotnik et al., 2007",10.1016/j.marchem.2007.02.012,,,,
URANIA 2003,2003,35.833665,-4.00004,ALB,open,none,893,1.261279226,0.259235256,0.247270552,,,,,13.1,38.47,258.4455764,WP14,23/08/2003,10:10:00,summer,,,,,,,,,1.415823321,800-1000,B,west,"Kotnik et al., 2007",10.1016/j.marchem.2007.02.012,,,,
URANIA 2003,2003,40.46676,6.474288,NWM,open,none,1,,,0.069295578,,,,,28.47,37.71,196.256133,WP15B,26/08/2003,00:00:00,summer,,,,,,,,,0.687970487,0-10,B,west,"Kotnik et al., 2007",10.1016/j.marchem.2007.02.012,,,,
URANIA 2003,2003,40.46676,6.474288,NWM,open,none,25,,,0.115658807,,,,,25.48,37.81,205.9439357,WP15B,26/08/2003,00:00:00,summer,,,,,,,,,1.465676255,Oct-50,B,west,"Kotnik et al., 2007",10.1016/j.marchem.2007.02.012,,,,
URANIA 2003,2003,40.46676,6.474288,NWM,open,none,50,,,0.057829403,,,,,16.76,37.5,241.5700491,WP15B,26/08/2003,00:00:00,summer,,,,,,,,,0.468617578,Oct-50,B,west,"Kotnik et al., 2007",10.1016/j.marchem.2007.02.012,,,,
URANIA 2003,2003,40.46676,6.474288,NWM,open,none,95,,,0.173986739,,,,,14.08,37.91,254.0704397,WP15B,26/08/2003,00:00:00,summer,,,,,,,,,0.762749888,50-200,B,west,"Kotnik et al., 2007",10.1016/j.marchem.2007.02.012,,,,
URANIA 2003,2003,40.46676,6.474288,NWM,open,none,400,,,0.405802881,,,,,13.44,38.54,256.5705178,WP15B,26/08/2003,00:00:00,summer,,,,,,,,,1.60526447,200-400,B,west,"Kotnik et al., 2007",10.1016/j.marchem.2007.02.012,,,,
URANIA 2003,2003,40.46676,6.474288,NWM,open,none,1200,,,0.486564634,,,,,13.14,38.46,258.1330667,WP15B,26/08/2003,00:00:00,summer,,,,,,,,,0.289147016,1000-1600,B,west,"Kotnik et al., 2007",10.1016/j.marchem.2007.02.012,,,,
URANIA 2003,2003,40.46676,6.474288,NWM,open,none,2500,,,0.481080812,,,,,13.21,38.43,257.8205569,WP15B,26/08/2003,00:00:00,summer,,,,,,,,,0.992073384,2000-2600,B,west,"Kotnik et al., 2007",10.1016/j.marchem.2007.02.012,,,,
URANIA 2003,2003,40.46676,6.474288,NWM,open,none,2800,,,0.422752879,,,,,13.26,38.42,257.5080471,WP15B,26/08/2003,00:00:00,summer,,,,,,,,,0.922279276,2600-3000,B,west,"Kotnik et al., 2007",10.1016/j.marchem.2007.02.012,,,,
URANIA 2003,2003,41.88347,10.299677,TYR1,open,none,1,,0.30908819,0.104691161,,,,,27.7095,38.5373,197.7655552,WP16,27/08/2003,02:30:00,summer,,,,,,,,,2.203499676,0-10,B,west,"Kotnik et al., 2007",10.1016/j.marchem.2007.02.012,,,,
URANIA 2003,2003,41.88347,10.299677,TYR1,open,none,18,,,0.023929408,,,,,19.69,38.28,227.5071096,WP16,27/08/2003,02:30:00,summer,,,,,,,,,0.568323446,Oct-50,B,west,"Kotnik et al., 2007",10.1016/j.marchem.2007.02.012,,,,
URANIA 2003,2003,41.88347,10.299677,TYR1,open,none,40,,,0.048357346,,,,,15.4061,38.3599,246.847714,WP16,27/08/2003,02:30:00,summer,,,,,,,,,2.532529039,Oct-50,B,west,"Kotnik et al., 2007",10.1016/j.marchem.2007.02.012,,,,
URANIA 2003,2003,41.88347,10.299677,TYR1,open,none,70,,0.418764644,0.145072037,,,,,13.8897,38.4733,254.3010719,WP16,27/08/2003,02:30:00,summer,,,,,,,,,0.448676405,50-200,B,west,"Kotnik et al., 2007",10.1016/j.marchem.2007.02.012,,,,
URANIA 2003,2003,41.88347,10.299677,TYR1,open,none,150,,0.643102847,0.153048507,,,,,13.8949,38.5942,254.0841901,WP16,27/08/2003,02:30:00,summer,,,,,,,,,0.613191086,50-200,B,west,"Kotnik et al., 2007",10.1016/j.marchem.2007.02.012,,,,
URANIA 2003,2003,41.88347,10.299677,TYR1,open,none,400,,0.63313226,0.169001446,,,,,13.8289,38.6675,254.3104472,WP16,27/08/2003,02:30:00,summer,,,,,,,,,1.814646792,200-400,B,west,"Kotnik et al., 2007",10.1016/j.marchem.2007.02.012,,,,
URANIA 2003,2003,41.88347,10.299677,TYR1,open,none,900,,0.643102847,0.225335261,,,,,13.6268,38.6135,255.4464202,WP16,27/08/2003,02:30:00,summer,,,,,,,,,0.66304402,800-1000,B,west,"Kotnik et al., 2007",10.1016/j.marchem.2007.02.012,,,,
URANIA 2003,2003,41.88347,10.299677,TYR1,open,none,1130,,0.32404407,0.2412882,,,,,13.5944,38.5995,255.6376762,WP16,27/08/2003,02:30:00,summer,,,,,,,,,0.413779351,1000-1600,B,west,"Kotnik et al., 2007",10.1016/j.marchem.2007.02.012,,,,
URANIA 2003,2003,36.195,21.7581667,ION1_2,open,none,1,,,0.078269106,,,,,27.64,39.05,197.5061721,WQ8,11/08/2004,15:20:00,summer,,,,,,,,,,0-10,B,east,"Kotnik et al., 2007",10.1016/j.marchem.2007.02.012,,,,
URANIA 2003,2003,36.195,21.7581667,ION1_2,open,none,20,,,0.177476444,,,,,26.98,39.04,199.6937404,WQ8,11/08/2004,15:20:00,summer,,,,,,,,,,Oct-50,B,east,"Kotnik et al., 2007",10.1016/j.marchem.2007.02.012,,,,
URANIA 2003,2003,36.195,21.7581667,ION1_2,open,none,40,,,0.2412882,,,,,19.98,38.97,225.3195412,WQ8,11/08/2004,15:20:00,summer,,,,,,,,,,Oct-50,B,east,"Kotnik et al., 2007",10.1016/j.marchem.2007.02.012,,,,
URANIA 2003,2003,36.195,21.7581667,ION1_2,open,none,90,,,0.134602921,,,,,16.72,39.08,239.3824807,WQ8,11/08/2004,15:20:00,summer,,,,,,,,,,50-200,B,east,"Kotnik et al., 2007",10.1016/j.marchem.2007.02.012,,,,
URANIA 2003,2003,36.195,21.7581667,ION1_2,open,none,200,,,0.078269106,,,,,15.61,38.99,245.0076565,WQ8,11/08/2004,15:20:00,summer,,,,,,,,,,50-200,B,east,"Kotnik et al., 2007",10.1016/j.marchem.2007.02.012,,,,
URANIA 2003,2003,36.195,21.7581667,ION1_2,open,none,1000,,,0.184455855,,,,,13.88,38.77,253.7579299,WQ8,11/08/2004,15:20:00,summer,,,,,,,,,,800-1000,B,east,"Kotnik et al., 2007",10.1016/j.marchem.2007.02.012,,,,
URANIA 2003,2003,36.195,21.7581667,ION1_2,open,none,2000,,,0.078269106,,,,,13.94,38.76,253.4454202,WQ8,11/08/2004,15:20:00,summer,,,,,,,,,,1600-2000,B,east,"Kotnik et al., 2007",10.1016/j.marchem.2007.02.012,,,,
URANIA 2003,2003,36.195,21.7581667,ION1_2,open,none,3800,,,0.099207338,,,,,14.15,38.75,252.5078909,WQ8,11/08/2004,15:20:00,summer,,,,,,,,,,>3000,B,east,"Kotnik et al., 2007",10.1016/j.marchem.2007.02.012,,,,
URANIA 2004,2004,40.5001667,11.3,TYR2,open,none,0,,,0.183458797,,,,,14.36,38.07,252.5078909,U1,19/03/2004,,spring,,,,,,,,,,0-10,B,west,"Vaupotič et al., 2015",10.1016/j.jenvrad.2007.12.023,,,,
URANIA 2004,2004,40.5001667,11.3,TYR2,open,none,40,,,0.29413231,,,,,13.55,38.14,256.5705178,U1,19/03/2004,,spring,,,,,,,,,,Oct-50,B,west,"Vaupotič et al., 2015",10.1016/j.jenvrad.2007.12.023,,,,
URANIA 2004,2004,40.5001667,11.3,TYR2,open,none,110,,,0.269704372,,,,,13.51,38.16,256.8830276,U1,19/03/2004,,spring,,,,,,,,,,50-200,B,west,"Vaupotič et al., 2015",10.1016/j.jenvrad.2007.12.023,,,,
URANIA 2004,2004,40.5001667,11.3,TYR2,open,none,250,,,0.63313226,,,,,13.94,38.47,254.0704397,U1,19/03/2004,,spring,,,,,,,,,,200-400,B,west,"Vaupotič et al., 2015",10.1016/j.jenvrad.2007.12.023,,,,
URANIA 2004,2004,40.5001667,11.3,TYR2,open,none,900,,,0.84401017,,,,,13.78,38.66,254.6954592,U1,19/03/2004,,spring,,,,,,,,,,800-1000,B,west,"Vaupotič et al., 2015",10.1016/j.jenvrad.2007.12.023,,,,
URANIA 2004,2004,40.5001667,11.3,TYR2,open,none,1300,,,0.393838177,,,,,13.61,38.6,255.6329885,U1,19/03/2004,,spring,,,,,,,,,,1000-1600,B,west,"Vaupotič et al., 2015",10.1016/j.jenvrad.2007.12.023,,,,
URANIA 2004,2004,40.5001667,11.3,TYR2,open,none,2100,,,0.236302906,,,,,13.4,38.51,256.8830276,U1,19/03/2004,,spring,,,,,,,,,,2000-2600,B,west,"Vaupotič et al., 2015",10.1016/j.jenvrad.2007.12.023,,,,
URANIA 2004,2004,41.4186667,7.9721667,NWM,open,none,0,,,0.1580338,,,,,13.62,38.05,256.2580081,U2,21/03/2004,,spring,,,,,,,,,,0-10,B,west,"Vaupotič et al., 2015",10.1016/j.jenvrad.2007.12.023,,,,
URANIA 2004,2004,41.4186667,7.9721667,NWM,open,none,20,,,0.169001446,,,,,13.44,38.06,257.1955374,U2,22/03/2004,,spring,,,,,,,,,,Oct-50,B,west,"Vaupotič et al., 2015",10.1016/j.jenvrad.2007.12.023,,,,
URANIA 2004,2004,41.4186667,7.9721667,NWM,open,none,36,,,0.206391146,,,,,13.09,38.07,259.070596,U2,23/03/2004,,spring,,,,,,,,,,Oct-50,B,west,"Vaupotič et al., 2015",10.1016/j.jenvrad.2007.12.023,,,,
URANIA 2004,2004,41.4186667,7.9721667,NWM,open,none,80,,,0.212373498,,,,,13,38.07,259.6956155,U2,24/03/2004,,spring,,,,,,,,,,50-200,B,west,"Vaupotič et al., 2015",10.1016/j.jenvrad.2007.12.023,,,,
URANIA 2004,2004,37.867,5.3498333,SWM,open,none,0,,,0.157535271,,,,,14.86,37.18,251.2578518,U3,25/03/2004,,spring,,,,,,,,,,0-10,B,west,"Vaupotič et al., 2015",10.1016/j.jenvrad.2007.12.023,,,,
URANIA 2004,2004,37.867,5.3498333,SWM,open,none,20,,,0.162520564,,,,,14.84,37.19,251.5703616,U3,25/03/2004,,spring,,,,,,,,,,Oct-50,B,west,"Vaupotič et al., 2015",10.1016/j.jenvrad.2007.12.023,,,,
URANIA 2004,2004,37.867,5.3498333,SWM,open,none,60,,,0.364424946,,,,,14.14,37.82,254.0704397,U3,25/03/2004,,spring,,,,,,,,,,50-200,B,west,"Vaupotič et al., 2015",10.1016/j.jenvrad.2007.12.023,,,,
URANIA 2004,2004,37.867,5.3498333,SWM,open,none,400,,,0.710404307,,,,,13.4,38.54,256.8830276,U3,25/03/2004,,spring,,,,,,,,,,200-400,B,west,"Vaupotič et al., 2015",10.1016/j.jenvrad.2007.12.023,,,,
URANIA 2004,2004,37.867,5.3498333,SWM,open,none,600,,,0.688469016,,,,,13.29,38.53,257.5080471,U3,25/03/2004,,spring,,,,,,,,,,400-600,B,west,"Vaupotič et al., 2015",10.1016/j.jenvrad.2007.12.023,,,,
URANIA 2004,2004,37.867,5.3498333,SWM,open,none,1000,,,0.695946956,,,,,13.16,38.49,258.1330667,U3,25/03/2004,,spring,,,,,,,,,,800-1000,B,west,"Vaupotič et al., 2015",10.1016/j.jenvrad.2007.12.023,,,,
URANIA 2004,2004,37.867,5.3498333,SWM,open,none,2500,,,0.673513136,,,,,13.21,38.44,257.8205569,U3,25/03/2004,,spring,,,,,,,,,,2000-2600,B,west,"Vaupotič et al., 2015",10.1016/j.jenvrad.2007.12.023,,,,
URANIA 2004,2004,37.867,5.3498333,SWM,open,none,2815,,,0.665536667,,,,,13.24,38.44,257.8205569,U3,25/03/2004,,spring,,,,,,,,,,2600-3000,B,west,"Vaupotič et al., 2015",10.1016/j.jenvrad.2007.12.023,,,,
URANIA 2004,2004,41.4186667,7.9721667,NWM,open,none,180,,,0.227329378,,,,,13.29,38.26,257.8205569,U2,25/03/2004,,spring,,,,,,,,,,50-200,B,west,"Vaupotič et al., 2015",10.1016/j.jenvrad.2007.12.023,,,,
URANIA 2004,2004,41.4186667,7.9721667,NWM,open,none,450,,,0.483074929,,,,,13.75,38.63,254.6954592,U2,26/03/2004,,spring,,,,,,,,,,400-600,B,west,"Vaupotič et al., 2015",10.1016/j.jenvrad.2007.12.023,,,,
URANIA 2004,2004,37.4798333,11.5668333,TYR2,open,none,0,,,0.166508799,,,,,14.9,37.42,250.6328323,U4,26/03/2004,,spring,,,,,,,,,,0-10,B,west,"Vaupotič et al., 2015",10.1016/j.jenvrad.2007.12.023,,,,
URANIA 2004,2004,37.4798333,11.5668333,TYR2,open,none,25,,,0.23331173,,,,,14.34,37.46,253.4454202,U4,26/03/2004,,spring,,,,,,,,,,Oct-50,B,west,"Vaupotič et al., 2015",10.1016/j.jenvrad.2007.12.023,,,,
URANIA 2004,2004,37.4798333,11.5668333,TYR2,open,none,50,,,0.216860262,,,,,14.33,37.49,253.4454202,U4,26/03/2004,,spring,,,,,,,,,,Oct-50,B,west,"Vaupotič et al., 2015",10.1016/j.jenvrad.2007.12.023,,,,
URANIA 2004,2004,37.4798333,11.5668333,TYR2,open,none,120,,,0.266713196,,,,,14.65,38.46,250.3203225,U4,26/03/2004,,spring,,,,,,,,,,50-200,B,west,"Vaupotič et al., 2015",10.1016/j.jenvrad.2007.12.023,,,,
URANIA 2004,2004,37.4798333,11.5668333,TYR2,open,none,200,,,0.349967596,,,,,14.43,38.76,250.945342,U4,26/03/2004,,spring,,,,,,,,,,50-200,B,west,"Vaupotič et al., 2015",10.1016/j.jenvrad.2007.12.023,,,,
URANIA 2004,2004,37.4798333,11.5668333,TYR2,open,none,400,,,0.208385263,,,,,14.2,38.79,252.1953811,U4,26/03/2004,,spring,,,,,,,,,,200-400,B,west,"Vaupotič et al., 2015",10.1016/j.jenvrad.2007.12.023,,,,
URANIA 2004,2004,37.4798333,11.5668333,TYR2,open,none,600,,,0.47509846,,,,,14.16,38.78,252.5078909,U4,26/03/2004,,spring,,,,,,,,,,400-600,B,west,"Vaupotič et al., 2015",10.1016/j.jenvrad.2007.12.023,,,,
URANIA 2004,2004,37.4798333,11.5668333,TYR2,open,none,800,,,0.408295528,,,,,14.17,38.78,252.5078909,U4,26/03/2004,,spring,,,,,,,,,,600-800,B,west,"Vaupotič et al., 2015",10.1016/j.jenvrad.2007.12.023,,,,
URANIA 2004,2004,37.4798333,11.5668333,TYR2,open,none,900,,,0.492048457,,,,,14.17,38.78,252.5078909,U4,26/03/2004,,spring,,,,,,,,,,800-1000,B,west,"Vaupotič et al., 2015",10.1016/j.jenvrad.2007.12.023,,,,
URANIA 2004,2004,37.4798333,11.5668333,TYR2,open,none,930,,,0.483573458,,,,,14.17,38.78,252.5078909,U4,26/03/2004,,spring,,,,,,,,,,800-1000,B,west,"Vaupotič et al., 2015",10.1016/j.jenvrad.2007.12.023,,,,
URANIA 2004,2004,41.4186667,7.9721667,NWM,open,none,900,,,0.550874919,,,,,13.45,38.57,256.5705178,U2,27/03/2004,,spring,,,,,,,,,,800-1000,B,west,"Vaupotič et al., 2015",10.1016/j.jenvrad.2007.12.023,,,,
URANIA 2004,2004,41.4186667,7.9721667,NWM,open,none,1400,,,0.619173438,,,,,13.18,38.48,258.1330667,U2,28/03/2004,,spring,,,,,,,,,,1000-1600,B,west,"Vaupotič et al., 2015",10.1016/j.jenvrad.2007.12.023,,,,
URANIA 2004,2004,41.4186667,7.9721667,NWM,open,none,2000,,,0.596739618,,,,,13.15,38.44,258.1330667,U2,29/03/2004,,spring,,,,,,,,,,1600-2000,B,west,"Vaupotič et al., 2015",10.1016/j.jenvrad.2007.12.023,,,,
URANIA 2004,2004,35.75,17.9163333,ION1_2,open,none,0,,,0.130614687,,,,,15.71,38.3,245.3201663,U5,29/03/2004,,spring,,,,,,,,,,0-10,B,east,"Vaupotič et al., 2015",10.1016/j.jenvrad.2007.12.023,,,,
URANIA 2004,2004,35.75,17.9163333,ION1_2,open,none,20,,,0.157036742,,,,,15.45,38.34,246.5702053,U5,29/03/2004,,spring,,,,,,,,,,Oct-50,B,east,"Vaupotič et al., 2015",10.1016/j.jenvrad.2007.12.023,,,,
URANIA 2004,2004,35.75,17.9163333,ION1_2,open,none,65,,,0.217857321,,,,,14.87,38.71,249.0702834,U5,29/03/2004,,spring,,,,,,,,,,50-200,B,east,"Vaupotič et al., 2015",10.1016/j.jenvrad.2007.12.023,,,,
URANIA 2004,2004,35.75,17.9163333,ION1_2,open,none,110,,,0.2786779,,,,,14.71,38.82,249.695303,U5,29/03/2004,,spring,,,,,,,,,,50-200,B,east,"Vaupotič et al., 2015",10.1016/j.jenvrad.2007.12.023,,,,
URANIA 2004,2004,35.75,17.9163333,ION1_2,open,none,900,,,0.513983748,,,,,13.73,38.74,254.6954592,U5,29/03/2004,,spring,,,,,,,,,,800-1000,B,east,"Vaupotič et al., 2015",10.1016/j.jenvrad.2007.12.023,,,,
URANIA 2004,2004,35.75,17.9163333,ION1_2,open,none,1500,,,0.365920534,,,,,13.74,38.73,254.6954592,U5,29/03/2004,,spring,,,,,,,,,,1000-1600,B,east,"Vaupotič et al., 2015",10.1016/j.jenvrad.2007.12.023,,,,
URANIA 2004,2004,35.75,17.9163333,ION1_2,open,none,3000,,,0.426741114,,,,,13.87,38.71,254.0704397,U5,29/03/2004,,spring,,,,,,,,,,2600-3000,B,east,"Vaupotič et al., 2015",10.1016/j.jenvrad.2007.12.023,,,,
URANIA 2004,2004,35.75,17.9163333,ION1_2,open,none,4000,,,0.539907274,,,,,13.98,38.69,253.4454202,U5,29/03/2004,,spring,,,,,,,,,,>3000,B,east,"Vaupotič et al., 2015",10.1016/j.jenvrad.2007.12.023,,,,
URANIA 2004,2004,35.75,17.9163333,ION1_2,open,none,4060,,,0.470611695,,,,,13.99,38.69,253.4454202,U5,29/03/2004,,spring,,,,,,,,,,>3000,B,east,"Vaupotič et al., 2015",10.1016/j.jenvrad.2007.12.023,,,,
URANIA 2004,2004,41.4186667,7.9721667,NWM,open,none,2600,,,0.624657261,,,,,13.23,38.44,257.8205569,U2,30/03/2004,,spring,,,,,,,,,,2000-2600,B,west,"Vaupotič et al., 2015",10.1016/j.jenvrad.2007.12.023,,,,
URANIA 2004,2004,39.9998333,18.9996667,ION3,open,none,0,,,0.108679396,,,,,15.19,38.92,247.1952249,U6,30/03/2004,,spring,,,,,,,,,,0-10,B,east,"Vaupotič et al., 2015",10.1016/j.jenvrad.2007.12.023,,,,
URANIA 2004,2004,39.9998333,18.9996667,ION3,open,none,20,,,0.099705868,,,,,15.21,38.93,246.8827151,U6,30/03/2004,,spring,,,,,,,,,,Oct-50,B,east,"Vaupotič et al., 2015",10.1016/j.jenvrad.2007.12.023,,,,
URANIA 2004,2004,39.9998333,18.9996667,ION3,open,none,100,,,0.11316616,,,,,15.04,38.94,247.8202444,U6,30/03/2004,,spring,,,,,,,,,,50-200,B,east,"Vaupotič et al., 2015",10.1016/j.jenvrad.2007.12.023,,,,
URANIA 2004,2004,39.9998333,18.9996667,ION3,open,none,200,,,0.448177875,,,,,14.82,38.92,248.7577737,U6,30/03/2004,,spring,,,,,,,,,,50-200,B,east,"Vaupotič et al., 2015",10.1016/j.jenvrad.2007.12.023,,,,
URANIA 2004,2004,39.9998333,18.9996667,ION3,open,none,400,,,0.36891171,,,,,14.09,38.82,252.8204006,U6,30/03/2004,,spring,,,,,,,,,,200-400,B,east,"Vaupotič et al., 2015",10.1016/j.jenvrad.2007.12.023,,,,
URANIA 2004,2004,39.9998333,18.9996667,ION3,open,none,500,,,0.205394087,,,,,13.77,38.76,254.3829495,U6,30/03/2004,,spring,,,,,,,,,,400-600,B,east,"Vaupotič et al., 2015",10.1016/j.jenvrad.2007.12.023,,,,
URANIA 2004,2004,39.9998333,18.9996667,ION3,open,none,600,,,0.23331173,,,,,13.53,38.73,255.6329885,U6,30/03/2004,,spring,,,,,,,,,,400-600,B,east,"Vaupotič et al., 2015",10.1016/j.jenvrad.2007.12.023,,,,
URANIA 2004,2004,39.9998333,18.9996667,ION3,open,none,700,,,0.268707313,,,,,13.46,38.73,256.2580081,U6,30/03/2004,,spring,,,,,,,,,,600-800,B,east,"Vaupotič et al., 2015",10.1016/j.jenvrad.2007.12.023,,,,
URANIA 2004,2004,39.9998333,18.9996667,ION3,open,none,800,,,0.441696994,,,,,13.31,38.7,256.8830276,U6,30/03/2004,,spring,,,,,,,,,,600-800,B,east,"Vaupotič et al., 2015",10.1016/j.jenvrad.2007.12.023,,,,
URANIA 2004,2004,39.9998333,18.9996667,ION3,open,none,900,,,0.19592203,,,,,13.31,38.71,256.8830276,U6,30/03/2004,,spring,,,,,,,,,,800-1000,B,east,"Vaupotič et al., 2015",10.1016/j.jenvrad.2007.12.023,,,,
URANIA 2004,2004,37.6166667,15.2498333,ION3,open,none,0,,,0.169998504,,,,,14.42,37.94,252.5078909,U7,01/04/2004,,spring,,,,,,,,,,0-10,B,east,"Vaupotič et al., 2015",10.1016/j.jenvrad.2007.12.023,,,,
URANIA 2004,2004,37.6166667,15.2498333,ION3,open,none,20,,,0.154045566,,,,,14.1,38.18,253.7579299,U7,01/04/2004,,spring,,,,,,,,,,Oct-50,B,east,"Vaupotič et al., 2015",10.1016/j.jenvrad.2007.12.023,,,,
URANIA 2004,2004,37.6166667,15.2498333,ION3,open,none,50,,,0.223341144,,,,,14.08,38.28,253.7579299,U7,01/04/2004,,spring,,,,,,,,,,Oct-50,B,east,"Vaupotič et al., 2015",10.1016/j.jenvrad.2007.12.023,,,,
URANIA 2004,2004,37.6166667,15.2498333,ION3,open,none,100,,,0.25624408,,,,,14.13,38.52,253.1329104,U7,01/04/2004,,spring,,,,,,,,,,50-200,B,east,"Vaupotič et al., 2015",10.1016/j.jenvrad.2007.12.023,,,,
URANIA 2004,2004,37.6166667,15.2498333,ION3,open,none,150,,,0.243282317,,,,,14.34,38.77,251.5703616,U7,01/04/2004,,spring,,,,,,,,,,50-200,B,east,"Vaupotič et al., 2015",10.1016/j.jenvrad.2007.12.023,,,,
URANIA 2004,2004,37.6166667,15.2498333,ION3,open,none,200,,,0.378383768,,,,,14.05,38.81,252.8204006,U7,01/04/2004,,spring,,,,,,,,,,50-200,B,east,"Vaupotič et al., 2015",10.1016/j.jenvrad.2007.12.023,,,,
URANIA 2004,2004,37.6166667,15.2498333,ION3,open,none,300,,,0.352460242,,,,,13.75,38.75,254.6954592,U7,01/04/2004,,spring,,,,,,,,,,200-400,B,east,"Vaupotič et al., 2015",10.1016/j.jenvrad.2007.12.023,,,,
URANIA 2004,2004,37.6166667,15.2498333,ION3,open,none,400,,,0.34647789,,,,,13.73,38.75,254.6954592,U7,01/04/2004,,spring,,,,,,,,,,200-400,B,east,"Vaupotič et al., 2015",10.1016/j.jenvrad.2007.12.023,,,,
URANIA 2004,2004,37.6166667,15.2498333,ION3,open,none,500,,,0.352460242,,,,,13.73,38.75,254.6954592,U7,01/04/2004,,spring,,,,,,,,,,400-600,B,east,"Vaupotič et al., 2015",10.1016/j.jenvrad.2007.12.023,,,,
URANIA 2004,2004,37.6166667,15.2498333,ION3,open,none,600,,,0.350964654,,,,,13.72,38.75,254.6954592,U7,01/04/2004,,spring,,,,,,,,,,400-600,B,east,"Vaupotič et al., 2015",10.1016/j.jenvrad.2007.12.023,,,,
URANIA 2004,2004,37.6166667,15.2498333,ION3,open,none,650,,,0.406301411,,,,,13.72,38.74,254.6954592,U7,01/04/2004,,spring,,,,,,,,,,600-800,B,east,"Vaupotič et al., 2015",10.1016/j.jenvrad.2007.12.023,,,,
URANIA 2004,2004,38.6496667,15.1141667,TYR2,open,none,0,,,0.118649983,,,,,14.6,37.52,252.1953811,U8,02/04/2004,,spring,,,,,,,,,,0-10,B,west,"Vaupotič et al., 2015",10.1016/j.jenvrad.2007.12.023,,,,
URANIA 2004,2004,39.9165,13.9998333,TYR2,open,none,0,,,0.087741164,,,,,14.37,37.74,252.8204006,U9,03/04/2004,,spring,,,,,,,,,,0-10,B,west,"Vaupotič et al., 2015",10.1016/j.jenvrad.2007.12.023,,,,
URANIA 2004,2004,38.6496667,15.1141667,TYR2,open,none,5,,,0.168004387,,,,,14.44,37.52,252.8204006,U8,03/04/2004,,spring,,,,,,,,,,0-10,B,west,"Vaupotič et al., 2015",10.1016/j.jenvrad.2007.12.023,,,,
URANIA 2004,2004,39.9165,13.9998333,TYR2,open,none,20,,,0.111670572,,,,,14.12,37.73,254.3829495,U9,04/04/2004,,spring,,,,,,,,,,Oct-50,B,west,"Vaupotič et al., 2015",10.1016/j.jenvrad.2007.12.023,,,,
URANIA 2004,2004,38.6496667,15.1141667,TYR2,open,none,10,,,0.133107333,,,,,14.28,37.52,253.7579299,U8,04/04/2004,,spring,,,,,,,,,,0-10,B,west,"Vaupotič et al., 2015",10.1016/j.jenvrad.2007.12.023,,,,
URANIA 2004,2004,39.9165,13.9998333,TYR2,open,none,50,,,0.169998504,,,,,13.82,37.77,255.6329885,U9,05/04/2004,,spring,,,,,,,,,,Oct-50,B,west,"Vaupotič et al., 2015",10.1016/j.jenvrad.2007.12.023,,,,
URANIA 2004,2004,38.6496667,15.1141667,TYR2,open,none,15,,,0.157036742,,,,,14.26,37.52,253.7579299,U8,05/04/2004,,spring,,,,,,,,,,Oct-50,B,west,"Vaupotič et al., 2015",10.1016/j.jenvrad.2007.12.023,,,,
URANIA 2004,2004,39.9165,13.9998333,TYR2,open,none,130,,,0.257739668,,,,,14.2,38.22,253.1329104,U9,06/04/2004,,spring,,,,,,,,,,50-200,B,west,"Vaupotič et al., 2015",10.1016/j.jenvrad.2007.12.023,,,,
URANIA 2004,2004,38.6496667,15.1141667,TYR2,open,none,20,,,0.138591156,,,,,14.24,37.53,254.0704397,U8,06/04/2004,,spring,,,,,,,,,,Oct-50,B,west,"Vaupotič et al., 2015",10.1016/j.jenvrad.2007.12.023,,,,
URANIA 2004,2004,39.9165,13.9998333,TYR2,open,none,300,,,0.405802881,,,,,14.25,38.68,252.1953811,U9,07/04/2004,,spring,,,,,,,,,,200-400,B,west,"Vaupotič et al., 2015",10.1016/j.jenvrad.2007.12.023,,,,
URANIA 2004,2004,38.6496667,15.1141667,TYR2,open,none,30,,,0.268707313,,,,,14.07,37.58,254.6954592,U8,07/04/2004,,spring,,,,,,,,,,Oct-50,B,west,"Vaupotič et al., 2015",10.1016/j.jenvrad.2007.12.023,,,,
URANIA 2004,2004,39.9165,13.9998333,TYR2,open,none,500,,,0.319058777,,,,,14.14,38.73,252.5078909,U9,08/04/2004,,spring,,,,,,,,,,400-600,B,west,"Vaupotič et al., 2015",10.1016/j.jenvrad.2007.12.023,,,,
URANIA 2004,2004,38.6496667,15.1141667,TYR2,open,none,40,,,0.086245576,,,,,14.03,37.59,255.007969,U8,08/04/2004,,spring,,,,,,,,,,Oct-50,B,west,"Vaupotič et al., 2015",10.1016/j.jenvrad.2007.12.023,,,,
URANIA 2004,2004,39.9165,13.9998333,TYR2,open,none,800,,,0.472605813,,,,,13.97,38.71,253.4454202,U9,09/04/2004,,spring,,,,,,,,,,600-800,B,west,"Vaupotič et al., 2015",10.1016/j.jenvrad.2007.12.023,,,,
URANIA 2004,2004,38.6496667,15.1141667,TYR2,open,none,55,,,0.115160277,,,,,13.98,37.63,255.007969,U8,09/04/2004,,spring,,,,,,,,,,50-200,B,west,"Vaupotič et al., 2015",10.1016/j.jenvrad.2007.12.023,,,,
URANIA 2004,2004,39.9165,13.9998333,TYR2,open,none,1400,,,0.473104342,,,,,13.59,38.6,255.6329885,U9,10/04/2004,,spring,,,,,,,,,,1000-1600,B,west,"Vaupotič et al., 2015",10.1016/j.jenvrad.2007.12.023,,,,
URANIA 2004,2004,38.6496667,15.1141667,TYR2,open,none,60,,,0.159529388,,,,,13.95,37.64,255.3204788,U8,10/04/2004,,spring,,,,,,,,,,50-200,B,west,"Vaupotič et al., 2015",10.1016/j.jenvrad.2007.12.023,,,,
URANIA 2004,2004,39.9165,13.9998333,TYR2,open,none,2000,,,0.658058727,,,,,13.42,38.52,256.5705178,U9,11/04/2004,,spring,,,,,,,,,,1600-2000,B,west,"Vaupotič et al., 2015",10.1016/j.jenvrad.2007.12.023,,,,
URANIA 2004,2004,38.6496667,15.1141667,TYR2,open,none,65,,,0.150057331,,,,,13.94,37.64,255.3204788,U8,11/04/2004,,spring,,,,,,,,,,50-200,B,west,"Vaupotič et al., 2015",10.1016/j.jenvrad.2007.12.023,,,,
URANIA 2004,2004,39.9165,13.9998333,TYR2,open,none,2370,,,0.514980807,,,,,13.4,38.5,256.8830276,U9,12/04/2004,,spring,,,,,,,,,,2000-2600,B,west,"Vaupotič et al., 2015",10.1016/j.jenvrad.2007.12.023,,,,
URANIA 2004,2004,38.6496667,15.1141667,TYR2,open,none,69,,,0.160526447,,,,,13.92,37.64,255.3204788,U8,12/04/2004,,spring,,,,,,,,,,50-200,B,west,"Vaupotič et al., 2015",10.1016/j.jenvrad.2007.12.023,,,,
URANIA 2004 fall,2004,38.000867,16.500722,ION3,open,none,1,,0.258238197,0.120145571,,,,,23.3,38.83,208,F4,31/10/2004,08:40,fall,,,,,,,,,,0-10,B,east,"Kotnik et al., 2015",10.1016/j.marpolbul.2015.05.037,,,,
URANIA 2004 fall,2004,38.000867,16.500722,ION3,open,none,25,,,0.139588215,,,,,21.5,38.67,216,F4,31/10/2004,08:40,fall,,,,,,,,,,Oct-50,B,east,"Kotnik et al., 2015",10.1016/j.marpolbul.2015.05.037,,,,
URANIA 2004 fall,2004,38.000867,16.500722,ION3,open,none,40,,0.273194077,0.127124981,,,,,17.5,38.7,255,F4,31/10/2004,08:40,fall,,,,,,,,,,Oct-50,B,east,"Kotnik et al., 2015",10.1016/j.marpolbul.2015.05.037,,,,
URANIA 2004 fall,2004,38.000867,16.500722,ION3,open,none,100,,0.387855825,0.205892617,,,,,14.6,38.87,213,F4,31/10/2004,08:40,fall,,,,,,,,,,50-200,B,east,"Kotnik et al., 2015",10.1016/j.marpolbul.2015.05.037,,,,
URANIA 2004 fall,2004,38.000867,16.500722,ION3,open,none,150,,0.318061718,0.223839673,,,,,14.4,38.87,208,F4,31/10/2004,08:40,fall,,,,,,,,,,50-200,B,east,"Kotnik et al., 2015",10.1016/j.marpolbul.2015.05.037,,,,
URANIA 2004 fall,2004,38.000867,16.500722,ION3,open,none,700,,0.333017598,0.237299965,,,,,13.8,38.79,197,F4,31/10/2004,08:40,fall,,,,,,,,,,600-800,B,east,"Kotnik et al., 2015",10.1016/j.marpolbul.2015.05.037,,,,
URANIA 2004 fall,2004,38.000867,16.500722,ION3,open,none,1505,,0.571813151,0.156538212,,,,,13.8,38.77,207,F4,31/10/2004,08:40,fall,,,,,,,,,,1000-1600,B,east,"Kotnik et al., 2015",10.1016/j.marpolbul.2015.05.037,,,,
URANIA 2004 fall,2004,39.983246,18.983605,ION3,open,none,1,,0.313076425,0.069794107,,,,,21,38.4,215,F5,01/11/2004,06:05,fall,,,,,,,,,,0-10,B,east,"Kotnik et al., 2015",10.1016/j.marpolbul.2015.05.037,,,,
URANIA 2004 fall,2004,39.983246,18.983605,ION3,open,none,30,,,0.114661748,,,,,21.4,38.56,214,F5,01/11/2004,06:05,fall,,,,,,,,,,Oct-50,B,east,"Kotnik et al., 2015",10.1016/j.marpolbul.2015.05.037,,,,
URANIA 2004 fall,2004,39.983246,18.983605,ION3,open,none,100,,0.492048457,0.222842614,,,,,14.9,38.85,217,F5,01/11/2004,06:05,fall,,,,,,,,,,50-200,B,east,"Kotnik et al., 2015",10.1016/j.marpolbul.2015.05.037,,,,
URANIA 2004 fall,2004,39.983246,18.983605,ION3,open,none,650,,0.417767586,0.146069096,,,,,13.9,38.8,202,F5,01/11/2004,06:05,fall,,,,,,,,,,600-800,B,east,"Kotnik et al., 2015",10.1016/j.marpolbul.2015.05.037,,,,
URANIA 2004 fall,2004,39.983246,18.983605,ION3,open,none,850,,0.457151403,0.130614687,,,,,13.8,38.78,208,F5,01/11/2004,06:05,fall,,,,,,,,,,800-1000,B,east,"Kotnik et al., 2015",10.1016/j.marpolbul.2015.05.037,,,,
URANIA 2004 fall,2004,39.983246,18.983605,ION3,open,none,905,,,0.466124931,,,,,13.5,38.76,219,F5,01/11/2004,06:05,fall,,,,,,,,,,800-1000,B,east,"Kotnik et al., 2015",10.1016/j.marpolbul.2015.05.037,,,,
URANIA 2004 fall,2004,40.983015,17.616097,SAD,open,none,1,,,0.129617628,,,,,20.2,38.41,217,F5A,02/11/2004,05:00,fall,,,,,,,,,,0-10,B,east,"Kotnik et al., 2015",10.1016/j.marpolbul.2015.05.037,,,,
URANIA 2004 fall,2004,40.983015,17.616097,SAD,open,none,15,,,0.171992622,,,,,19.6,38.64,220,F5A,02/11/2004,05:00,fall,,,,,,,,,,Oct-50,B,east,"Kotnik et al., 2015",10.1016/j.marpolbul.2015.05.037,,,,
URANIA 2004 fall,2004,40.983015,17.616097,SAD,open,none,25,,,0.117652924,,,,,17.8,38.78,237,F5A,02/11/2004,05:00,fall,,,,,,,,,,Oct-50,B,east,"Kotnik et al., 2015",10.1016/j.marpolbul.2015.05.037,,,,
URANIA 2004 fall,2004,40.983015,17.616097,SAD,open,none,40,,,0.095717633,,,,,15.6,38.9,244,F5A,02/11/2004,05:00,fall,,,,,,,,,,Oct-50,B,east,"Kotnik et al., 2015",10.1016/j.marpolbul.2015.05.037,,,,
URANIA 2004 fall,2004,40.983015,17.616097,SAD,open,none,70,,,0.21137644,,,,,15.1,38.93,214,F5A,02/11/2004,05:00,fall,,,,,,,,,,50-200,B,east,"Kotnik et al., 2015",10.1016/j.marpolbul.2015.05.037,,,,
URANIA 2004 fall,2004,40.983015,17.616097,SAD,open,none,100,,,0.196420559,,,,,14.9,38.9,212,F5A,02/11/2004,05:00,fall,,,,,,,,,,50-200,B,east,"Kotnik et al., 2015",10.1016/j.marpolbul.2015.05.037,,,,
URANIA 2004 fall,2004,40.983015,17.616097,SAD,open,none,130,,,0.239294082,,,,,14.9,38.9,210,F5A,02/11/2004,05:00,fall,,,,,,,,,,50-200,B,east,"Kotnik et al., 2015",10.1016/j.marpolbul.2015.05.037,,,,
URANIA 2004 fall,2004,42.000222,18.000372,SAD,open,none,1,,0.442195523,0.138591156,,,,,19.8,38.68,221,FC,09/11/2004,01:30,fall,,,,,,,,,,0-10,B,east,"Kotnik et al., 2015",10.1016/j.marpolbul.2015.05.037,,,,
URANIA 2004 fall,2004,42.000222,18.000372,SAD,open,none,30,,,0.148561743,,,,,19.2,38.73,223,FC,09/11/2004,01:30,fall,,,,,,,,,,Oct-50,B,east,"Kotnik et al., 2015",10.1016/j.marpolbul.2015.05.037,,,,
URANIA 2004 fall,2004,42.000222,18.000372,SAD,open,none,40,,,0.179470562,,,,,16.6,38.84,255,FC,09/11/2004,01:30,fall,,,,,,,,,,Oct-50,B,east,"Kotnik et al., 2015",10.1016/j.marpolbul.2015.05.037,,,,
URANIA 2004 fall,2004,42.000222,18.000372,SAD,open,none,100,,,0.274689665,,,,,14.9,38.92,213,FC,09/11/2004,01:30,fall,,,,,,,,,,50-200,B,east,"Kotnik et al., 2015",10.1016/j.marpolbul.2015.05.037,,,,
URANIA 2004 fall,2004,42.000222,18.000372,SAD,open,none,400,,0.442195523,0.1580338,,,,,13.9,38.79,223,FC,09/11/2004,01:30,fall,,,,,,,,,,200-400,B,east,"Kotnik et al., 2015",10.1016/j.marpolbul.2015.05.037,,,,
URANIA 2004 fall,2004,42.000222,18.000372,SAD,open,none,600,,,0.157036742,,,,,13.8,38.77,222,FC,09/11/2004,01:30,fall,,,,,,,,,,400-600,B,east,"Kotnik et al., 2015",10.1016/j.marpolbul.2015.05.037,,,,
URANIA 2004 fall,2004,42.000222,18.000372,SAD,open,none,1000,,,0.152051448,,,,,13.3,38.74,226,FC,09/11/2004,01:30,fall,,,,,,,,,,800-1000,B,east,"Kotnik et al., 2015",10.1016/j.marpolbul.2015.05.037,,,,
URANIA 2004 fall,2004,42.000222,18.000372,SAD,open,none,1208,,0.661049903,0.200907323,,,,,13.2,38.74,226,FC,09/11/2004,01:30,fall,,,,,,,,,,1000-1600,B,east,"Kotnik et al., 2015",10.1016/j.marpolbul.2015.05.037,,,,
URANIA 2004 fall,2004,41.195968,18.539902,SAD,open,none,1,,,0.099705868,,,,,19,38.54,223,F9,10/11/2004,05:30,fall,,,,,,,,,,0-10,B,east,"Kotnik et al., 2015",10.1016/j.marpolbul.2015.05.037,,,,
URANIA 2004 fall,2004,41.195968,18.539902,SAD,open,none,20,,,0.109177925,,,,,18.9,38.54,223,F9,10/11/2004,05:30,fall,,,,,,,,,,Oct-50,B,east,"Kotnik et al., 2015",10.1016/j.marpolbul.2015.05.037,,,,
URANIA 2004 fall,2004,41.195968,18.539902,SAD,open,none,30,,,0.111670572,,,,,16.7,38.85,251,F9,10/11/2004,05:30,fall,,,,,,,,,,Oct-50,B,east,"Kotnik et al., 2015",10.1016/j.marpolbul.2015.05.037,,,,
URANIA 2004 fall,2004,41.195968,18.539902,SAD,open,none,100,,0.531930804,0.190936737,,,,,14.9,38.91,211,F9,10/11/2004,05:30,fall,,,,,,,,,,50-200,B,east,"Kotnik et al., 2015",10.1016/j.marpolbul.2015.05.037,,,,
URANIA 2004 fall,2004,41.195968,18.539902,SAD,open,none,400,,,0.15055586,,,,,13.8,38.79,220,F9,10/11/2004,05:30,fall,,,,,,,,,,200-400,B,east,"Kotnik et al., 2015",10.1016/j.marpolbul.2015.05.037,,,,
URANIA 2004 fall,2004,41.195968,18.539902,SAD,open,none,600,,,0.145570567,,,,,13.6,38.77,219,F9,10/11/2004,05:30,fall,,,,,,,,,,400-600,B,east,"Kotnik et al., 2015",10.1016/j.marpolbul.2015.05.037,,,,
URANIA 2004 fall,2004,41.195968,18.539902,SAD,open,none,993,,,0.20339997,,,,,13.2,38.74,225,F9,10/11/2004,05:30,fall,,,,,,,,,,800-1000,B,east,"Kotnik et al., 2015",10.1016/j.marpolbul.2015.05.037,,,,
URANIA 2004 fall,2004,38.538147,18.77236,ION3,open,none,1,,0.362929358,0.107682337,,,,,21.7,38.88,212,F10,11/11/2004,06:05,fall,,,,,,,,,,0-10,B,east,"Kotnik et al., 2015",10.1016/j.marpolbul.2015.05.037,,,,
URANIA 2005,2005,40.15266,18.95962,SAD,open,none,1,1.595293883,,0.200907323,0.001046912,,,,21.9,38.76,436,S2,19/06/2005,10:25,summer,,,,,,,,,,0-10,,east,"Kotnik et al., 2015",10.1016/j.marpolbul.2015.05.037,,,,
URANIA 2005,2005,40.15266,18.95962,SAD,open,none,25,,0.492048457,0.193927913,0.001695,,,,19,38.81,460,S2,19/06/2005,10:25,summer,,,,,,,,,,Oct-50,,east,"Kotnik et al., 2015",10.1016/j.marpolbul.2015.05.037,,,,
URANIA 2005,2005,40.15266,18.95962,SAD,open,none,55,1.096764545,0.377885239,0.20339997,0.006480881,,,,15.2,38.85,494,S2,19/06/2005,10:25,summer,,,,,,,,,,50-200,,east,"Kotnik et al., 2015",10.1016/j.marpolbul.2015.05.037,,,,
URANIA 2005,2005,40.15266,18.95962,SAD,open,none,100,2.542499626,0.546886684,0.292138192,0.016451468,,,,14.6,38.86,500,S2,19/06/2005,10:25,summer,,,,,,,,,,50-200,,east,"Kotnik et al., 2015",10.1016/j.marpolbul.2015.05.037,,,,
URANIA 2005,2005,40.15266,18.95962,SAD,open,none,500,,,0.30111172,0.023430879,,,,13.9,38.8,507,S2,19/06/2005,10:25,summer,,,,,,,,,,400-600,,east,"Kotnik et al., 2015",10.1016/j.marpolbul.2015.05.037,,,,
URANIA 2005,2005,40.15266,18.95962,SAD,open,none,901,1.346029214,0.392841119,0.295627898,0.00663044,,,,13.3,38.77,514,S2,19/06/2005,10:25,summer,,,,,,,,,,800-1000,,east,"Kotnik et al., 2015",10.1016/j.marpolbul.2015.05.037,,,,
URANIA 2005,2005,40.85525,18.0626,SAD,open,none,1,0.897352809,0.462136697,0.242285258,0.000747794,,,,21.4,38.63,440,S3,20/06/2005,06:30,summer,,,,,,,,,,0-10,,east,"Kotnik et al., 2015",10.1016/j.marpolbul.2015.05.037,,,,
URANIA 2005,2005,40.85525,18.0626,SAD,open,none,35,1.346029214,0.342988185,0.23331173,0.009422204,,,,15.8,38.9,488,S3,20/06/2005,06:30,summer,,,,,,,,,,Oct-50,,east,"Kotnik et al., 2015",10.1016/j.marpolbul.2015.05.037,,,,
URANIA 2005,2005,40.85525,18.0626,SAD,open,none,60,2.243382023,0.477092577,0.257241139,0.023929408,,,,14.8,38.88,498,S3,20/06/2005,06:30,summer,,,,,,,,,,50-200,,east,"Kotnik et al., 2015",10.1016/j.marpolbul.2015.05.037,,,,
URANIA 2005,2005,40.85525,18.0626,SAD,open,none,119,1.794705618,0.566827858,0.302108779,0.026920584,,,,14.2,38.85,505,S3,20/06/2005,06:30,summer,,,,,,,,,,50-200,,east,"Kotnik et al., 2015",10.1016/j.marpolbul.2015.05.037,,,,
URANIA 2005,2005,42.01622,16.39733,SAD,open,none,1,2.243382023,0.228824966,0.189939678,,,,,21.3,38.43,441,S4,22/06/2005,06:30,summer,,,,,,,,,,0-10,,east,"Kotnik et al., 2015",10.1016/j.marpolbul.2015.05.037,,,,
URANIA 2005,2005,42.01622,16.39733,SAD,open,none,10,2.243382023,0.228824966,0.224338202,0.000598235,,,,21.2,38.49,442,S4,22/06/2005,06:30,summer,,,,,,,,,,0-10,,east,"Kotnik et al., 2015",10.1016/j.marpolbul.2015.05.037,,,,
URANIA 2005,2005,42.01622,16.39733,SAD,open,none,30,2.542499626,0.134104392,0.259733785,,,,,15.2,38.79,495,S4,22/06/2005,06:30,summer,,,,,,,,,,Oct-50,,east,"Kotnik et al., 2015",10.1016/j.marpolbul.2015.05.037,,,,
URANIA 2005,2005,42.01622,16.39733,SAD,open,none,50,2.143676155,0.49703375,0.189939678,0.014457351,,,,14.1,38.76,506,S4,22/06/2005,06:30,summer,,,,,,,,,,Oct-50,,east,"Kotnik et al., 2015",10.1016/j.marpolbul.2015.05.037,,,,
URANIA 2005,2005,42.01622,16.39733,SAD,open,none,110,2.343087891,0.303105838,0.290642604,0.006032205,,,,12.4,38.66,523,S4,22/06/2005,06:30,summer,,,,,,,,,,50-200,,east,"Kotnik et al., 2015",10.1016/j.marpolbul.2015.05.037,,,,
URANIA 2005,2005,43.47143,15.29403,SAD,open,none,1,,,0.193927913,0.000348971,,,,23.4,37.99,426,S14,26/06/2005,14:30,summer,,,,,,,,,,0-10,,east,"Kotnik et al., 2015",10.1016/j.marpolbul.2015.05.037,,,,
URANIA 2005,2005,43.47143,15.29403,SAD,open,none,30,,0.164016152,0.1206441,0.0025425,,,,17,38.69,477,S14,26/06/2005,14:30,summer,,,,,,,,,,Oct-50,,east,"Kotnik et al., 2015",10.1016/j.marpolbul.2015.05.037,,,,
URANIA 2005,2005,43.47143,15.29403,SAD,open,none,105,,0.283164664,0.271698489,0.010768234,,,,14.4,38.86,502,S14,26/06/2005,14:30,summer,,,,,,,,,,50-200,,east,"Kotnik et al., 2015",10.1016/j.marpolbul.2015.05.037,,,,
URANIA 2005,2005,43.47143,15.29403,SAD,open,none,187,,0.263223491,0.220848497,0.005982352,,,,10.9,38.71,541,S14,26/06/2005,14:30,summer,,,,,,,,,,50-200,,east,"Kotnik et al., 2015",10.1016/j.marpolbul.2015.05.037,,,,
URANIA 2005,2005,42.78783,15.78319,SAD,open,none,25,2.442793758,,0.18844409,0.002143676,,,,16.5,38.87,482,S15,27/06/2005,06:45,summer,,,,,,,,,,Oct-50,,east,"Kotnik et al., 2015",10.1016/j.marpolbul.2015.05.037,,,,
URANIA 2005,2005,42.78783,15.78319,SAD,open,none,60,,0.124133805,0.128620569,0.013460292,,,,14.5,38.87,501,S15,27/06/2005,06:45,summer,,,,,,,,,,50-200,,east,"Kotnik et al., 2015",10.1016/j.marpolbul.2015.05.037,,,,
URANIA 2005,2005,42.78783,15.78319,SAD,open,none,170,,,0.255745551,0.003689117,,,,11.3,38.7,535,S15,27/06/2005,06:45,summer,,,,,,,,,,50-200,,east,"Kotnik et al., 2015",10.1016/j.marpolbul.2015.05.037,,,,
URANIA 2005,2005,42.4534,17.80582,SAD,open,none,1,,,0.220349968,,,,,23.4,38.65,425,S16,28/06/2005,06:30,summer,,,,,,,,,,0-10,,east,"Kotnik et al., 2015",10.1016/j.marpolbul.2015.05.037,,,,
URANIA 2005,2005,42.4534,17.80582,SAD,open,none,30,,0.427738172,0.154544095,,,,,16.3,38.85,484,S16,28/06/2005,06:30,summer,,,,,,,,,,Oct-50,,east,"Kotnik et al., 2015",10.1016/j.marpolbul.2015.05.037,,,,
URANIA 2005,2005,42.4534,17.80582,SAD,open,none,60,,,0.176479386,0.011964704,,,,14.8,38.87,498,S16,28/06/2005,06:30,summer,,,,,,,,,,50-200,,east,"Kotnik et al., 2015",10.1016/j.marpolbul.2015.05.037,,,,
URANIA 2005,2005,42.4534,17.80582,SAD,open,none,120,2.642205494,,0.288648487,,,,,14.5,38.9,501,S16,28/06/2005,06:30,summer,,,,,,,,,,50-200,,east,"Kotnik et al., 2015",10.1016/j.marpolbul.2015.05.037,,,,
URANIA 2005,2005,42.4534,17.80582,SAD,open,none,240,,,0.306595543,0.033401466,,,,14.2,38.86,505,S16,28/06/2005,06:30,summer,,,,,,,,,,200-400,,east,"Kotnik et al., 2015",10.1016/j.marpolbul.2015.05.037,,,,
URANIA 2005,2005,42.4534,17.80582,SAD,open,none,340,,0.661049903,0.317563189,,,,,14.1,38.85,505,S16,28/06/2005,06:30,summer,,,,,,,,,,200-400,,east,"Kotnik et al., 2015",10.1016/j.marpolbul.2015.05.037,,,,
URANIA 2005,2005,42.10251,17.7145,SAD,open,none,1,,,0.198913206,,,,,24.2,38.93,419,S17,29/06/2005,07:00,summer,,,,,,,,,,0-10,,east,"Kotnik et al., 2015",10.1016/j.marpolbul.2015.05.037,,,,
URANIA 2005,2005,42.10251,17.7145,SAD,open,none,10,,,0.219851438,,,,,22.1,38.96,434,S17,29/06/2005,07:00,summer,,,,,,,,,,0-10,,east,"Kotnik et al., 2015",10.1016/j.marpolbul.2015.05.037,,,,
URANIA 2005,2005,42.10251,17.7145,SAD,open,none,45,,0.149060272,0.184954385,,,,,15.9,38.88,488,S17,29/06/2005,07:00,summer,,,,,,,,,,Oct-50,,east,"Kotnik et al., 2015",10.1016/j.marpolbul.2015.05.037,,,,
URANIA 2005,2005,42.10251,17.7145,SAD,open,none,200,,0.427738172,0.212373498,,,,,14.3,38.87,503,S17,29/06/2005,07:00,summer,,,,,,,,,,50-200,,east,"Kotnik et al., 2015",10.1016/j.marpolbul.2015.05.037,,,,
URANIA 2005,2005,42.10251,17.7145,SAD,open,none,400,,,0.256742609,,,,,13.9,38.82,508,S17,29/06/2005,07:00,summer,,,,,,,,,,200-400,,east,"Kotnik et al., 2015",10.1016/j.marpolbul.2015.05.037,,,,
URANIA 2005,2005,42.10251,17.7145,SAD,open,none,800,,,0.21087791,,,,,13.4,38.77,513,S17,29/06/2005,07:00,summer,,,,,,,,,,600-800,,east,"Kotnik et al., 2015",10.1016/j.marpolbul.2015.05.037,,,,
URANIA 2005,2005,42.10251,17.7145,SAD,open,none,1192,,,0.212872028,,,,,13.2,38.76,515,S17,29/06/2005,07:00,summer,,,,,,,,,,1000-1600,,east,"Kotnik et al., 2015",10.1016/j.marpolbul.2015.05.037,,,,
URANIA 2005,2005,42.216417,18.38357,SAD,open,none,1,,0.268208784,0.234308789,,,,,24.3,38,420,S18,29/06/2005,12:00,summer,,,,,,,,,,0-10,,east,"Kotnik et al., 2015",10.1016/j.marpolbul.2015.05.037,,,,
URANIA 2005,2005,42.216417,18.38357,SAD,open,none,20,,,0.1580338,,,,,20,38.81,451,S18,29/06/2005,12:00,summer,,,,,,,,,,Oct-50,,east,"Kotnik et al., 2015",10.1016/j.marpolbul.2015.05.037,,,,
URANIA 2005,2005,42.216417,18.38357,SAD,open,none,30,,,0.1580338,,,,,16.5,38.85,481,S18,29/06/2005,12:00,summer,,,,,,,,,,Oct-50,,east,"Kotnik et al., 2015",10.1016/j.marpolbul.2015.05.037,,,,
URANIA 2005,2005,42.216417,18.38357,SAD,open,none,60,,,0.145570567,,,,,15.1,38.89,495,S18,29/06/2005,12:00,summer,,,,,,,,,,50-200,,east,"Kotnik et al., 2015",10.1016/j.marpolbul.2015.05.037,,,,
URANIA 2005,2005,42.216417,18.38357,SAD,open,none,200,,0.362929358,0.277182312,,,,,14.5,38.9,501,S18,29/06/2005,12:00,summer,,,,,,,,,,50-200,,east,"Kotnik et al., 2015",10.1016/j.marpolbul.2015.05.037,,,,
URANIA 2005,2005,42.216417,18.38357,SAD,open,none,329,,,0.255247021,,,,,14.3,38.88,503,S18,29/06/2005,12:00,summer,,,,,,,,,,200-400,,east,"Kotnik et al., 2015",10.1016/j.marpolbul.2015.05.037,,,,
URANIA 2009,2009,43.397242,8.938544,NWM,open,none,100,,,0.370407298,,,,,13.2704,38.4409,198.3274779,S15,08/06/2009,08:00:00,summer,,,,,,,,,,50-200,B,west,"Kotnik et al., 2017",10.1016/j.marchem.2017.03.002,,,,
URANIA 2009,2009,43.397242,8.938544,NWM,open,none,250,,,0.394336707,,,,,13.5812,38.6079,170.1477168,S15,08/06/2009,08:00:00,summer,,,,,,,,,,200-400,B,west,"Kotnik et al., 2017",10.1016/j.marchem.2017.03.002,,,,
URANIA 2009,2009,43.397242,8.938544,NWM,open,none,500,,,0.502019044,,,,,13.5191,38.599,173.7155723,S15,08/06/2009,08:00:00,summer,,,,,,,,,,400-600,B,west,"Kotnik et al., 2017",10.1016/j.marchem.2017.03.002,,,,
URANIA 2009,2009,43.397242,8.938544,NWM,open,none,1000,,,0.466124931,,,,,13.3061,38.5253,177.117294,S15,08/06/2009,08:00:00,summer,,,,,,,,,,800-1000,B,west,"Kotnik et al., 2017",10.1016/j.marchem.2017.03.002,,,,
URANIA 2009,2009,43.397242,8.938544,NWM,open,none,1500,,,0.442195523,,,,,13.1192,38.4584,187.0674529,S15,08/06/2009,08:00:00,summer,,,,,,,,,,1000-1600,B,west,"Kotnik et al., 2017",10.1016/j.marchem.2017.03.002,,,,
URANIA 2009,2009,43.397242,8.938544,NWM,open,none,2000,,,0.430230819,,,,,13.2058,38.4655,191.3382505,S15,08/06/2009,08:00:00,summer,,,,,,,,,,1600-2000,B,west,"Kotnik et al., 2017",10.1016/j.marchem.2017.03.002,,,,
URANIA 2009,2009,43.397242,8.938544,NWM,open,none,2110,,,0.442195523,,,,,13.2093,38.4647,192.7700372,S15,08/06/2009,08:00:00,summer,,,,,,,,,,2000-2600,B,west,"Kotnik et al., 2017",10.1016/j.marchem.2017.03.002,,,,
URANIA 2009,2009,42.864164,9.756189,TYR1,open,none,0,,,0.135101451,,,,,21.4428,37.5975,161.2591167,S16,08/06/2009,08:00:00,summer,,,,,,,,,,0-10,B,west,"Kotnik et al., 2017",10.1016/j.marchem.2017.03.002,,,,
URANIA 2009,2009,42.864164,9.756189,TYR1,open,none,50,,,0.197417618,,,,,15.206,42.1154,NaN,S16,08/06/2009,08:00:00,summer,,,,,,,,,,Oct-50,B,west,"Kotnik et al., 2017",10.1016/j.marchem.2017.03.002,,,,
URANIA 2009,2009,42.864164,9.756189,TYR1,open,none,100,,,0.280173488,,,,,18.673,38.1425,143.8548239,S16,08/06/2009,08:00:00,summer,,,,,,,,,,50-200,B,west,"Kotnik et al., 2017",10.1016/j.marchem.2017.03.002,,,,
URANIA 2009,2009,42.864164,9.756189,TYR1,open,none,200,,,0.322049953,,,,,14.4988,39.109,159.7290788,S16,08/06/2009,08:00:00,summer,,,,,,,,,,50-200,B,west,"Kotnik et al., 2017",10.1016/j.marchem.2017.03.002,,,,
URANIA 2009,2009,42.864164,9.756189,TYR1,open,none,300,,,0.280173488,,,,,13.8901,38.7215,161.5806658,S16,08/06/2009,08:00:00,summer,,,,,,,,,,200-400,B,west,"Kotnik et al., 2017",10.1016/j.marchem.2017.03.002,,,,
URANIA 2009,2009,42.864164,9.756189,TYR1,open,none,400,,,0.446183758,,,,,13.8644,38.6736,148.7687197,S16,08/06/2009,08:00:00,summer,,,,,,,,,,200-400,B,west,"Kotnik et al., 2017",10.1016/j.marchem.2017.03.002,,,,
URANIA 2009,2009,42.864164,9.756189,TYR1,open,none,452,,,0.508499925,,,,,13.8397,38.6538,133.1811795,S16,08/06/2009,08:00:00,summer,,,,,,,,,,400-600,B,west,"Kotnik et al., 2017",10.1016/j.marchem.2017.03.002,,,,
URANIA 2009,2009,42.316086,7.669253,NWM,open,none,500,,,0.504511691,,,,,13.1827,38.5106,179.5320386,S14,09/06/2009,08:00:00,summer,,,,,,,,,,400-600,B,west,"Kotnik et al., 2017",10.1016/j.marchem.2017.03.002,,,,
URANIA 2009,2009,42.316086,7.669253,NWM,open,none,1000,,,0.24078967,,,,,13.0701,38.4666,185.8527118,S14,09/06/2009,08:00:00,summer,,,,,,,,,,800-1000,B,west,"Kotnik et al., 2017",10.1016/j.marchem.2017.03.002,,,,
URANIA 2009,2009,42.316086,7.669253,NWM,open,none,1500,,,0.605214617,,,,,13.0923,38.4521,188.2138648,S14,09/06/2009,08:00:00,summer,,,,,,,,,,1000-1600,B,west,"Kotnik et al., 2017",10.1016/j.marchem.2017.03.002,,,,
URANIA 2009,2009,42.316086,7.669253,NWM,open,none,2000,,,0.426741114,,,,,13.2122,38.4682,193.1692941,S14,09/06/2009,08:00:00,summer,,,,,,,,,,1600-2000,B,west,"Kotnik et al., 2017",10.1016/j.marchem.2017.03.002,,,,
URANIA 2009,2009,42.316086,7.669253,NWM,open,none,2754,,,0.411286704,,,,,13.3174,38.4683,195.5844852,S14,09/06/2009,08:00:00,summer,,,,,,,,,,2600-3000,B,west,"Kotnik et al., 2017",10.1016/j.marchem.2017.03.002,,,,
URANIA 2009,2009,41.5093,5.748628,NWM,open,none,250,,,0.553367566,,,,,13.3049,38.539,176.1584524,S13,10/06/2009,08:00:00,summer,,,,,,,,,,200-400,B,west,"Kotnik et al., 2017",10.1016/j.marchem.2017.03.002,,,,
URANIA 2009,2009,41.5093,5.748628,NWM,open,none,500,,,0.371404357,,,,,13.1616,38.5077,178.5959734,S13,10/06/2009,08:00:00,summer,,,,,,,,,,400-600,B,west,"Kotnik et al., 2017",10.1016/j.marchem.2017.03.002,,,,
URANIA 2009,2009,41.5093,5.748628,NWM,open,none,1000,,,0.788174884,,,,,13.0246,38.4554,187.681969,S13,10/06/2009,08:00:00,summer,,,,,,,,,,800-1000,B,west,"Kotnik et al., 2017",10.1016/j.marchem.2017.03.002,,,,
URANIA 2009,2009,41.5093,5.748628,NWM,open,none,1500,,,0.719876365,,,,,13.127,38.4656,191.4691031,S13,10/06/2009,08:00:00,summer,,,,,,,,,,1000-1600,B,west,"Kotnik et al., 2017",10.1016/j.marchem.2017.03.002,,,,
URANIA 2009,2009,41.5093,5.748628,NWM,open,none,2000,,,0.386360237,,,,,13.2068,38.4683,194.1151844,S13,10/06/2009,08:00:00,summer,,,,,,,,,,1600-2000,B,west,"Kotnik et al., 2017",10.1016/j.marchem.2017.03.002,,,,
URANIA 2009,2009,40.323575,7.226347,NWM,open,none,50,,,0.179969091,,,,,15.0802,37.9773,248.9991532,S12,11/06/2009,08:00:00,summer,,,,,,,,,,Oct-50,B,west,"Kotnik et al., 2017",10.1016/j.marchem.2017.03.002,,,,
URANIA 2009,2009,40.323575,7.226347,NWM,open,none,250,,,0.506505808,,,,,13.4214,38.5203,174.7744514,S12,11/06/2009,08:00:00,summer,,,,,,,,,,200-400,B,west,"Kotnik et al., 2017",10.1016/j.marchem.2017.03.002,,,,
URANIA 2009,2009,40.323575,7.226347,NWM,open,none,1000,,,0.416770527,,,,,13.1552,38.4886,180.9088941,S12,11/06/2009,08:00:00,summer,,,,,,,,,,800-1000,B,west,"Kotnik et al., 2017",10.1016/j.marchem.2017.03.002,,,,
URANIA 2009,2009,40.323575,7.226347,NWM,open,none,2000,,,0.461638167,,,,,13.1857,38.4596,190.4271946,S12,11/06/2009,08:00:00,summer,,,,,,,,,,1600-2000,B,west,"Kotnik et al., 2017",10.1016/j.marchem.2017.03.002,,,,
URANIA 2009,2009,40.323575,7.226347,NWM,open,none,2838,,,0.439204347,,,,,13.3194,38.4627,192.6990285,S12,11/06/2009,08:00:00,summer,,,,,,,,,,2600-3000,B,west,"Kotnik et al., 2017",10.1016/j.marchem.2017.03.002,,,,
URANIA 2009,2009,39.165156,6.648683,NWM,open,none,0,,,0.117652924,,,,,22.544,37.268,206.5202815,S11,12/06/2009,08:00:00,summer,,,,,,,,,,0-10,B,west,"Kotnik et al., 2017",10.1016/j.marchem.2017.03.002,,,,
URANIA 2009,2009,39.165156,6.648683,NWM,open,none,25,,,0.081758812,,,,,18.3632,37.2386,233.078899,S11,12/06/2009,08:00:00,summer,,,,,,,,,,Oct-50,B,west,"Kotnik et al., 2017",10.1016/j.marchem.2017.03.002,,,,
URANIA 2009,2009,39.165156,6.648683,NWM,open,none,45,,,0.208385263,,,,,14.6532,37.2526,251.2133762,S11,12/06/2009,08:00:00,summer,,,,,,,,,,Oct-50,B,west,"Kotnik et al., 2017",10.1016/j.marchem.2017.03.002,,,,
URANIA 2009,2009,39.165156,6.648683,NWM,open,none,100,,,0.271698489,,,,,13.9026,37.5161,225.1125195,S11,12/06/2009,08:00:00,summer,,,,,,,,,,50-200,B,west,"Kotnik et al., 2017",10.1016/j.marchem.2017.03.002,,,,
URANIA 2009,2009,39.165156,6.648683,NWM,open,none,250,,,0.597736677,,,,,13.5328,38.4096,177.5071723,S11,12/06/2009,08:00:00,summer,,,,,,,,,,200-400,B,west,"Kotnik et al., 2017",10.1016/j.marchem.2017.03.002,,,,
URANIA 2009,2009,39.165156,6.648683,NWM,open,none,500,,,0.516476395,,,,,13.3745,38.5448,172.813895,S11,12/06/2009,08:00:00,summer,,,,,,,,,,400-600,B,west,"Kotnik et al., 2017",10.1016/j.marchem.2017.03.002,,,,
URANIA 2009,2009,39.165156,6.648683,NWM,open,none,1000,,,0.62515579,,,,,13.1344,38.4828,181.3492377,S11,12/06/2009,08:00:00,summer,,,,,,,,,,800-1000,B,west,"Kotnik et al., 2017",10.1016/j.marchem.2017.03.002,,,,
URANIA 2009,2009,39.165156,6.648683,NWM,open,none,1500,,,0.462136697,,,,,13.0881,38.4513,186.2760848,S11,12/06/2009,08:00:00,summer,,,,,,,,,,1000-1600,B,west,"Kotnik et al., 2017",10.1016/j.marchem.2017.03.002,,,,
URANIA 2009,2009,39.165156,6.648683,NWM,open,none,2000,,,0.407796999,,,,,13.1943,38.4621,190.8737906,S11,12/06/2009,08:00:00,summer,,,,,,,,,,1600-2000,B,west,"Kotnik et al., 2017",10.1016/j.marchem.2017.03.002,,,,
URANIA 2009,2009,39.165156,6.648683,NWM,open,none,2848,,,0.208385263,,,,,13.3343,38.4679,195.0374051,S11,12/06/2009,08:00:00,summer,,,,,,,,,,2600-3000,B,west,"Kotnik et al., 2017",10.1016/j.marchem.2017.03.002,,,,
URANIA 2009,2009,38.10965,8.982694,SWM,open,none,0,,,0.061319109,,,,,22.5229,38.1985,209.8715379,S10,13/06/2009,06:00:00,summer,,,,,,,,,,0-10,B,west,"Kotnik et al., 2017",10.1016/j.marchem.2017.03.002,,,,
URANIA 2009,2009,38.10965,8.982694,SWM,open,none,35,,,0.061319109,,,,,14.9746,38.1591,255.5770657,S10,13/06/2009,06:00:00,summer,,,,,,,,,,Oct-50,B,west,"Kotnik et al., 2017",10.1016/j.marchem.2017.03.002,,,,
URANIA 2009,2009,38.10965,8.982694,SWM,open,none,250,,,0.566329328,,,,,14.0019,38.6695,175.1232429,S10,13/06/2009,06:00:00,summer,,,,,,,,,,200-400,B,west,"Kotnik et al., 2017",10.1016/j.marchem.2017.03.002,,,,
URANIA 2009,2009,38.10965,8.982694,SWM,open,none,500,,,0.160027918,,,,,13.8423,38.6841,171.495097,S10,13/06/2009,06:00:00,summer,,,,,,,,,,400-600,B,west,"Kotnik et al., 2017",10.1016/j.marchem.2017.03.002,,,,
URANIA 2009,2009,38.10965,8.982694,SWM,open,none,750,,,0.160027918,,,,,13.6824,38.6424,174.1996824,S10,13/06/2009,06:00:00,summer,,,,,,,,,,600-800,B,west,"Kotnik et al., 2017",10.1016/j.marchem.2017.03.002,,,,
URANIA 2009,2009,38.10965,8.982694,SWM,open,none,1000,,,0.332519069,,,,,13.5933,38.6111,175.3438613,S10,13/06/2009,06:00:00,summer,,,,,,,,,,800-1000,B,west,"Kotnik et al., 2017",10.1016/j.marchem.2017.03.002,,,,
URANIA 2009,2009,38.10965,8.982694,SWM,open,none,1050,,,0.492546986,,,,,13.5767,38.6041,174.644492,S10,13/06/2009,06:00:00,summer,,,,,,,,,,1000-1600,B,west,"Kotnik et al., 2017",10.1016/j.marchem.2017.03.002,,,,
URANIA 2009,2009,40.009778,10.791458,TYR2,open,none,0,,,0.145570567,,,,,22.3793,38.2503,213.3956269,S18,15/06/2009,08:00:00,summer,,,,,,,,,,0-10,B,west,"Kotnik et al., 2017",10.1016/j.marchem.2017.03.002,,,,
URANIA 2009,2009,40.009778,10.791458,TYR2,open,none,25,,,0.032404407,,,,,15.9876,38.2394,247.4043589,S18,15/06/2009,08:00:00,summer,,,,,,,,,,Oct-50,B,west,"Kotnik et al., 2017",10.1016/j.marchem.2017.03.002,,,,
URANIA 2009,2009,40.009778,10.791458,TYR2,open,none,100,,,0.015952939,,,,,13.577,38.2172,229.036312,S18,15/06/2009,08:00:00,summer,,,,,,,,,,50-200,B,west,"Kotnik et al., 2017",10.1016/j.marchem.2017.03.002,,,,
URANIA 2009,2009,40.009778,10.791458,TYR2,open,none,250,,,0.048357346,,,,,13.5789,38.2624,228.2784386,S18,15/06/2009,08:00:00,summer,,,,,,,,,,200-400,B,west,"Kotnik et al., 2017",10.1016/j.marchem.2017.03.002,,,,
URANIA 2009,2009,40.009778,10.791458,TYR2,open,none,500,,,0.080761753,,,,,13.9507,38.6539,173.7575523,S18,15/06/2009,08:00:00,summer,,,,,,,,,,400-600,B,west,"Kotnik et al., 2017",10.1016/j.marchem.2017.03.002,,,,
URANIA 2009,2009,40.009778,10.791458,TYR2,open,none,1000,,,0.291639663,,,,,13.7528,38.6502,174.758374,S18,15/06/2009,08:00:00,summer,,,,,,,,,,800-1000,B,west,"Kotnik et al., 2017",10.1016/j.marchem.2017.03.002,,,,
URANIA 2009,2009,40.009778,10.791458,TYR2,open,none,1500,,,0.177974974,,,,,13.514,38.5709,178.8313295,S18,15/06/2009,08:00:00,summer,,,,,,,,,,1000-1600,B,west,"Kotnik et al., 2017",10.1016/j.marchem.2017.03.002,,,,
URANIA 2009,2009,40.009778,10.791458,TYR2,open,none,2000,,,0.11316616,,,,,13.4197,38.5217,179.9692561,S18,15/06/2009,08:00:00,summer,,,,,,,,,,1600-2000,B,west,"Kotnik et al., 2017",10.1016/j.marchem.2017.03.002,,,,
URANIA 2009,2009,40.009778,10.791458,TYR2,open,none,2646,,,0.162022035,,,,,13.4543,38.4993,182.0472673,S18,15/06/2009,08:00:00,summer,,,,,,,,,,2600-3000,B,west,"Kotnik et al., 2017",10.1016/j.marchem.2017.03.002,,,,
URANIA 2009,2009,41.458483,10.385892,TYR1,open,none,0,,,0.043870582,,,,,21.588,37.8594,213.9302023,S17,16/06/2009,09:00:00,summer,,,,,,,,,,0-10,B,west,"Kotnik et al., 2017",10.1016/j.marchem.2017.03.002,,,,
URANIA 2009,2009,41.458483,10.385892,TYR1,open,none,35,,,0.066304402,,,,,15.0369,38.1909,258.7023445,S17,16/06/2009,09:00:00,summer,,,,,,,,,,Oct-50,B,west,"Kotnik et al., 2017",10.1016/j.marchem.2017.03.002,,,,
URANIA 2009,2009,41.458483,10.385892,TYR1,open,none,80,,,0.110174984,,,,,13.8818,38.4047,208.3321214,S17,16/06/2009,09:00:00,summer,,,,,,,,,,50-200,B,west,"Kotnik et al., 2017",10.1016/j.marchem.2017.03.002,,,,
URANIA 2009,2009,41.458483,10.385892,TYR1,open,none,250,,,0.176479386,,,,,13.8887,38.6234,177.0918381,S17,16/06/2009,09:00:00,summer,,,,,,,,,,200-400,B,west,"Kotnik et al., 2017",10.1016/j.marchem.2017.03.002,,,,
URANIA 2009,2009,41.458483,10.385892,TYR1,open,none,500,,,0.176479386,,,,,13.7714,38.6577,173.1582205,S17,16/06/2009,09:00:00,summer,,,,,,,,,,400-600,B,west,"Kotnik et al., 2017",10.1016/j.marchem.2017.03.002,,,,
URANIA 2009,2009,41.458483,10.385892,TYR1,open,none,750,,,0.264719079,,,,,13.6848,38.6382,173.6208939,S17,16/06/2009,09:00:00,summer,,,,,,,,,,600-800,B,west,"Kotnik et al., 2017",10.1016/j.marchem.2017.03.002,,,,
URANIA 2009,2009,41.458483,10.385892,TYR1,open,none,1000,,,0.154045566,,,,,13.6473,38.6213,174.0460533,S17,16/06/2009,09:00:00,summer,,,,,,,,,,800-1000,B,west,"Kotnik et al., 2017",10.1016/j.marchem.2017.03.002,,,,
URANIA 2009,2009,41.458483,10.385892,TYR1,open,none,1056,,,0.198414677,,,,,13.6179,38.612,175.0767969,S17,16/06/2009,09:00:00,summer,,,,,,,,,,1000-1600,B,west,"Kotnik et al., 2017",10.1016/j.marchem.2017.03.002,,,,
URANIA 2009,2009,40.306294,12.429508,TYR2,open,none,0,,,0.198414677,,,,,25.5938,37.7822,200.2424815,S19,20/06/2009,08:00:00,summer,,,,,,,,,,0-10,B,west,"Kotnik et al., 2017",10.1016/j.marchem.2017.03.002,,,,
URANIA 2009,2009,40.306294,12.429508,TYR2,open,none,35,,,0.275188195,,,,,15.4658,37.9367,256.6203139,S19,20/06/2009,08:00:00,summer,,,,,,,,,,Oct-50,B,west,"Kotnik et al., 2017",10.1016/j.marchem.2017.03.002,,,,
URANIA 2009,2009,40.306294,12.429508,TYR2,open,none,70,,,0.198414677,,,,,14.0408,38.1901,229.6070617,S19,20/06/2009,08:00:00,summer,,,,,,,,,,50-200,B,west,"Kotnik et al., 2017",10.1016/j.marchem.2017.03.002,,,,
URANIA 2009,2009,40.306294,12.429508,TYR2,open,none,250,,,0.381873473,,,,,14.2065,38.7062,175.419336,S19,20/06/2009,08:00:00,summer,,,,,,,,,,200-400,B,west,"Kotnik et al., 2017",10.1016/j.marchem.2017.03.002,,,,
URANIA 2009,2009,40.306294,12.429508,TYR2,open,none,500,,,0.423251408,,,,,14.0456,38.7347,174.3430397,S19,20/06/2009,08:00:00,summer,,,,,,,,,,400-600,B,west,"Kotnik et al., 2017",10.1016/j.marchem.2017.03.002,,,,
URANIA 2009,2009,40.306294,12.429508,TYR2,open,none,750,,,0.559349918,,,,,13.8806,38.6946,176.6202327,S19,20/06/2009,08:00:00,summer,,,,,,,,,,600-800,B,west,"Kotnik et al., 2017",10.1016/j.marchem.2017.03.002,,,,
URANIA 2009,2009,40.306294,12.429508,TYR2,open,none,1000,,,0.719377835,,,,,13.6795,38.6365,177.928759,S19,20/06/2009,08:00:00,summer,,,,,,,,,,800-1000,B,west,"Kotnik et al., 2017",10.1016/j.marchem.2017.03.002,,,,
URANIA 2009,2009,40.306294,12.429508,TYR2,open,none,1460,,,0.506007279,,,,,13.5373,38.5805,179.6392216,S19,20/06/2009,08:00:00,summer,,,,,,,,,,1000-1600,B,west,"Kotnik et al., 2017",10.1016/j.marchem.2017.03.002,,,,
URANIA 2009,2009,39.222258,13.301189,TYR2,open,none,0,,,0.096714692,,,,,25.577,38.0414,202.7853991,S08,20/06/2009,20:50:00,summer,,,,,,,,,,0-10,B,west,"Kotnik et al., 2017",10.1016/j.marchem.2017.03.002,,,,
URANIA 2009,2009,39.222258,13.301189,TYR2,open,none,250,,,0.417269056,,,,,14.0259,38.6701,175.0187394,S08,20/06/2009,20:50:00,summer,,,,,,,,,,200-400,B,west,"Kotnik et al., 2017",10.1016/j.marchem.2017.03.002,,,,
URANIA 2009,2009,39.222258,13.301189,TYR2,open,none,500,,,0.49753228,,,,,13.957,38.7118,173.9022494,S08,20/06/2009,20:50:00,summer,,,,,,,,,,400-600,B,west,"Kotnik et al., 2017",10.1016/j.marchem.2017.03.002,,,,
URANIA 2009,2009,39.222258,13.301189,TYR2,open,none,1000,,,0.444189641,,,,,13.627,38.6202,177.9627003,S08,20/06/2009,20:50:00,summer,,,,,,,,,,800-1000,B,west,"Kotnik et al., 2017",10.1016/j.marchem.2017.03.002,,,,
URANIA 2009,2009,39.222258,13.301189,TYR2,open,none,1500,,,0.570816093,,,,,13.5193,38.5726,178.5745368,S08,20/06/2009,20:50:00,summer,,,,,,,,,,1000-1600,B,west,"Kotnik et al., 2017",10.1016/j.marchem.2017.03.002,,,,
URANIA 2009,2009,39.222258,13.301189,TYR2,open,none,2000,,,0.517473453,,,,,13.4425,38.5289,180.7168578,S08,20/06/2009,20:50:00,summer,,,,,,,,,,1600-2000,B,west,"Kotnik et al., 2017",10.1016/j.marchem.2017.03.002,,,,
URANIA 2009,2009,39.222258,13.301189,TYR2,open,none,2500,,,0.417269056,,,,,13.4386,38.5025,183.0498753,S08,20/06/2009,20:50:00,summer,,,,,,,,,,2000-2600,B,west,"Kotnik et al., 2017",10.1016/j.marchem.2017.03.002,,,,
URANIA 2009,2009,39.222258,13.301189,TYR2,open,none,3000,,,0.550874919,,,,,13.48,38.4878,184.0587357,S08,20/06/2009,20:50:00,summer,,,,,,,,,,2600-3000,B,west,"Kotnik et al., 2017",10.1016/j.marchem.2017.03.002,,,,
URANIA 2009,2009,39.222258,13.301189,TYR2,open,none,3553,,,0.524452864,,,,,13.5561,38.4818,185.3918247,S08,20/06/2009,20:50:00,summer,,,,,,,,,,>3000,B,west,"Kotnik et al., 2017",10.1016/j.marchem.2017.03.002,,,,
URANIA 2009,2009,37.865544,11.547242,TYR2,open,none,0,,,0.162520564,,,,,21.2006,37.63,217.7718211,S07,24/06/2009,08:30:00,summer,,,,,,,,,,0-10,B,west,"Kotnik et al., 2017",10.1016/j.marchem.2017.03.002,,,,
URANIA 2009,2009,37.865544,11.547242,TYR2,open,none,40,,,0.26372202,,,,,15.7518,37.3215,247.9300024,S07,24/06/2009,08:30:00,summer,,,,,,,,,,Oct-50,B,west,"Kotnik et al., 2017",10.1016/j.marchem.2017.03.002,,,,
URANIA 2009,2009,37.865544,11.547242,TYR2,open,none,80,,,0.364923476,,,,,14.1767,37.5427,230.9240733,S07,24/06/2009,08:30:00,summer,,,,,,,,,,50-200,B,west,"Kotnik et al., 2017",10.1016/j.marchem.2017.03.002,,,,
URANIA 2009,2009,37.865544,11.547242,TYR2,open,none,120,,,0.357944065,,,,,14.2832,38.037,236.8021698,S07,24/06/2009,08:30:00,summer,,,,,,,,,,50-200,B,west,"Kotnik et al., 2017",10.1016/j.marchem.2017.03.002,,,,
URANIA 2009,2009,37.865544,11.547242,TYR2,open,none,250,,,0.415773468,,,,,14.0719,38.7242,181.8168237,S07,24/06/2009,08:30:00,summer,,,,,,,,,,200-400,B,west,"Kotnik et al., 2017",10.1016/j.marchem.2017.03.002,,,,
URANIA 2009,2009,36.309208,14.646514,ION1_2,open,none,0,,,0.1206441,,,,,22.0491,37.4459,212.8070134,S06,25/06/2009,06:30:00,summer,,,,,,,,,,0-10,B,east,"Kotnik et al., 2017",10.1016/j.marchem.2017.03.002,,,,
URANIA 2009,2009,36.309208,14.646514,ION1_2,open,none,30,,,0.161523506,,,,,17.2597,37.2656,246.0020474,S06,25/06/2009,06:30:00,summer,,,,,,,,,,Oct-50,B,east,"Kotnik et al., 2017",10.1016/j.marchem.2017.03.002,,,,
URANIA 2009,2009,36.309208,14.646514,ION1_2,open,none,83,,,0.132110275,,,,,14.9475,37.7752,236.2381191,S06,25/06/2009,06:30:00,summer,,,,,,,,,,50-200,B,east,"Kotnik et al., 2017",10.1016/j.marchem.2017.03.002,,,,
URANIA 2009,2009,36.309208,14.646514,ION1_2,open,none,100,,,0.202901441,,,,,15.1269,38.037,226.7019547,S06,25/06/2009,06:30:00,summer,,,,,,,,,,50-200,B,east,"Kotnik et al., 2017",10.1016/j.marchem.2017.03.002,,,,
URANIA 2009,2009,36.309208,14.646514,ION1_2,open,none,130,,,0.261727903,,,,,14.8964,38.4482,190.3695837,S06,25/06/2009,06:30:00,summer,,,,,,,,,,50-200,B,east,"Kotnik et al., 2017",10.1016/j.marchem.2017.03.002,,,,
URANIA 2009,2009,36.848039,15.969264,ION3,open,none,0,,,0.184954385,,,,,22.6555,38.4271,211.302878,S01,25/06/2009,17:30:00,summer,,,,,,,,,,0-10,B,east,"Kotnik et al., 2017",10.1016/j.marchem.2017.03.002,,,,
URANIA 2009,2009,36.848039,15.969264,ION3,open,none,20,,,0.076274989,,,,,16.3173,38.3484,258.1525848,S01,25/06/2009,17:30:00,summer,,,,,,,,,,Oct-50,B,east,"Kotnik et al., 2017",10.1016/j.marchem.2017.03.002,,,,
URANIA 2009,2009,36.848039,15.969264,ION3,open,none,250,,,0.221347026,,,,,14.245,38.8453,187.007609,S01,25/06/2009,17:30:00,summer,,,,,,,,,,200-400,B,east,"Kotnik et al., 2017",10.1016/j.marchem.2017.03.002,,,,
URANIA 2009,2009,36.848039,15.969264,ION3,open,none,500,,,0.235804377,,,,,13.8723,38.7783,182.3960587,S01,25/06/2009,17:30:00,summer,,,,,,,,,,400-600,B,east,"Kotnik et al., 2017",10.1016/j.marchem.2017.03.002,,,,
URANIA 2009,2009,36.848039,15.969264,ION3,open,none,1000,,,0.214367616,,,,,13.7233,38.7359,185.5030271,S01,25/06/2009,17:30:00,summer,,,,,,,,,,800-1000,B,east,"Kotnik et al., 2017",10.1016/j.marchem.2017.03.002,,,,
URANIA 2009,2009,36.848039,15.969264,ION3,open,none,1500,,,0.257739668,,,,,13.7611,38.7359,189.8434936,S01,25/06/2009,17:30:00,summer,,,,,,,,,,1000-1600,B,east,"Kotnik et al., 2017",10.1016/j.marchem.2017.03.002,,,,
URANIA 2009,2009,36.848039,15.969264,ION3,open,none,2000,,,0.257739668,,,,,13.7975,38.7303,192.368994,S01,25/06/2009,17:30:00,summer,,,,,,,,,,1600-2000,B,east,"Kotnik et al., 2017",10.1016/j.marchem.2017.03.002,,,,
URANIA 2009,2009,36.848039,15.969264,ION3,open,none,3000,,,0.316067601,,,,,13.9176,38.7243,193.5957932,S01,25/06/2009,17:30:00,summer,,,,,,,,,,2600-3000,B,east,"Kotnik et al., 2017",10.1016/j.marchem.2017.03.002,,,,
URANIA 2009,2009,36.848039,15.969264,ION3,open,none,3251,,,0.308589661,,,,,13.96,38.7271,195.2589167,S01,25/06/2009,17:30:00,summer,,,,,,,,,,>3000,B,east,"Kotnik et al., 2017",10.1016/j.marchem.2017.03.002,,,,
URANIA 2009,2009,34.734458,17.973469,ION1_2,open,none,0,,,0.127623511,,,,,23.6573,38.3946,203.7076199,S05,26/06/2009,13:30:00,summer,,,,,,,,,,0-10,B,east,"Kotnik et al., 2017",10.1016/j.marchem.2017.03.002,,,,
URANIA 2009,2009,34.734458,17.973469,ION1_2,open,none,20,,,0.251757316,,,,,17.5693,37.9704,238.6769799,S05,26/06/2009,13:30:00,summer,,,,,,,,,,Oct-50,B,east,"Kotnik et al., 2017",10.1016/j.marchem.2017.03.002,,,,
URANIA 2009,2009,34.734458,17.973469,ION1_2,open,none,100,,,0.21835585,,,,,15.2368,38.4591,231.0058004,S05,26/06/2009,13:30:00,summer,,,,,,,,,,50-200,B,east,"Kotnik et al., 2017",10.1016/j.marchem.2017.03.002,,,,
URANIA 2009,2009,34.734458,17.973469,ION1_2,open,none,250,,,0.234807318,,,,,14.9294,38.9291,197.4709067,S05,26/06/2009,13:30:00,summer,,,,,,,,,,200-400,B,east,"Kotnik et al., 2017",10.1016/j.marchem.2017.03.002,,,,
URANIA 2009,2009,34.734458,17.973469,ION1_2,open,none,500,,,0.276185254,,,,,14.1266,38.8319,183.88367,S05,26/06/2009,13:30:00,summer,,,,,,,,,,400-600,B,east,"Kotnik et al., 2017",10.1016/j.marchem.2017.03.002,,,,
URANIA 2009,2009,34.734458,17.973469,ION1_2,open,none,1000,,,0.226830849,,,,,13.7282,38.734,179.0032689,S05,26/06/2009,13:30:00,summer,,,,,,,,,,800-1000,B,east,"Kotnik et al., 2017",10.1016/j.marchem.2017.03.002,,,,
URANIA 2009,2009,34.734458,17.973469,ION1_2,open,none,1500,,,0.268208784,,,,,13.7639,38.7344,188.396076,S05,26/06/2009,13:30:00,summer,,,,,,,,,,1000-1600,B,east,"Kotnik et al., 2017",10.1016/j.marchem.2017.03.002,,,,
URANIA 2009,2009,34.734458,17.973469,ION1_2,open,none,2000,,,0.276185254,,,,,13.8041,38.7307,191.7138377,S05,26/06/2009,13:30:00,summer,,,,,,,,,,1600-2000,B,east,"Kotnik et al., 2017",10.1016/j.marchem.2017.03.002,,,,
URANIA 2009,2009,34.734458,17.973469,ION1_2,open,none,3000,,,0.234807318,,,,,13.9162,38.7215,193.9861181,S05,26/06/2009,13:30:00,summer,,,,,,,,,,2600-3000,B,east,"Kotnik et al., 2017",10.1016/j.marchem.2017.03.002,,,,
URANIA 2009,2009,34.734458,17.973469,ION1_2,open,none,3500,,,0.399820529,,,,,14.0056,38.7265,196.2539326,S05,26/06/2009,13:30:00,summer,,,,,,,,,,>3000,B,east,"Kotnik et al., 2017",10.1016/j.marchem.2017.03.002,,,,
URANIA 2009,2009,34.781992,21.974711,ION1_2,open,none,0,,,0.078269106,,,,,23.6722,38.9933,203.4101869,S04,27/06/2009,12:30:00,summer,,,,,,,,,,0-10,B,east,"Kotnik et al., 2017",10.1016/j.marchem.2017.03.002,,,,
URANIA 2009,2009,34.781992,21.974711,ION1_2,open,none,20,,,0.124632335,,,,,23.6535,38.9958,203.9764707,S04,27/06/2009,12:30:00,summer,,,,,,,,,,Oct-50,B,east,"Kotnik et al., 2017",10.1016/j.marchem.2017.03.002,,,,
URANIA 2009,2009,34.781992,21.974711,ION1_2,open,none,90,,,0.244279376,,,,,15.5124,39.0292,229.7973116,S04,27/06/2009,12:30:00,summer,,,,,,,,,,50-200,B,east,"Kotnik et al., 2017",10.1016/j.marchem.2017.03.002,,,,
URANIA 2009,2009,34.781992,21.974711,ION1_2,open,none,250,,,0.161024976,,,,,14.7262,38.9798,201.4063107,S04,27/06/2009,12:30:00,summer,,,,,,,,,,200-400,B,east,"Kotnik et al., 2017",10.1016/j.marchem.2017.03.002,,,,
URANIA 2009,2009,34.781992,21.974711,ION1_2,open,none,500,,,0.170497034,,,,,14.3073,38.9024,194.0057684,S04,27/06/2009,12:30:00,summer,,,,,,,,,,400-600,B,east,"Kotnik et al., 2017",10.1016/j.marchem.2017.03.002,,,,
URANIA 2009,2009,34.781992,21.974711,ION1_2,open,none,1000,,,0.170497034,,,,,13.743,38.741,180.0755459,S04,27/06/2009,12:30:00,summer,,,,,,,,,,800-1000,B,east,"Kotnik et al., 2017",10.1016/j.marchem.2017.03.002,,,,
URANIA 2009,2009,34.781992,21.974711,ION1_2,open,none,1500,,,0.253252904,,,,,13.7945,38.743,184.6263592,S04,27/06/2009,12:30:00,summer,,,,,,,,,,1000-1600,B,east,"Kotnik et al., 2017",10.1016/j.marchem.2017.03.002,,,,
URANIA 2009,2009,34.781992,21.974711,ION1_2,open,none,2000,,,0.308589661,,,,,13.8202,38.7357,188.063362,S04,27/06/2009,12:30:00,summer,,,,,,,,,,1600-2000,B,east,"Kotnik et al., 2017",10.1016/j.marchem.2017.03.002,,,,
URANIA 2009,2009,34.781992,21.974711,ION1_2,open,none,3000,,,0.216361733,,,,,13.9274,38.7234,190.4410391,S04,27/06/2009,12:30:00,summer,,,,,,,,,,2600-3000,B,east,"Kotnik et al., 2017",10.1016/j.marchem.2017.03.002,,,,
URANIA 2009,2009,34.781992,21.974711,ION1_2,open,none,3100,,,0.216361733,,,,,13.9355,38.7207,190.987226,S04,27/06/2009,12:30:00,summer,,,,,,,,,,>3000,B,east,"Kotnik et al., 2017",10.1016/j.marchem.2017.03.002,,,,
URANIA 2009,2009,36.062314,18.661581,ION1_2,open,none,0,,,0.102697044,,,,,23.8692,38.4501,202.4200836,S03,28/06/2009,10:15:00,summer,,,,,,,,,,0-10,B,east,"Kotnik et al., 2017",10.1016/j.marchem.2017.03.002,,,,
URANIA 2009,2009,36.062314,18.661581,ION1_2,open,none,50,,,0.084749988,,,,,17.0536,38.3879,242.2354568,S03,28/06/2009,10:15:00,summer,,,,,,,,,,Oct-50,B,east,"Kotnik et al., 2017",10.1016/j.marchem.2017.03.002,,,,
URANIA 2009,2009,36.062314,18.661581,ION1_2,open,none,125,,,0.138591156,,,,,15.1026,38.5365,229.5356063,S03,28/06/2009,10:15:00,summer,,,,,,,,,,50-200,B,east,"Kotnik et al., 2017",10.1016/j.marchem.2017.03.002,,,,
URANIA 2009,2009,36.062314,18.661581,ION1_2,open,none,250,,,0.147564684,,,,,14.8686,38.8936,192.7561928,S03,28/06/2009,10:15:00,summer,,,,,,,,,,200-400,B,east,"Kotnik et al., 2017",10.1016/j.marchem.2017.03.002,,,,
URANIA 2009,2009,36.062314,18.661581,ION1_2,open,none,500,,,0.138591156,,,,,14.1029,38.8184,183.0900689,S03,28/06/2009,10:15:00,summer,,,,,,,,,,400-600,B,east,"Kotnik et al., 2017",10.1016/j.marchem.2017.03.002,,,,
URANIA 2009,2009,36.062314,18.661581,ION1_2,open,none,1000,,,0.147564684,,,,,13.7462,38.7392,182.6041725,S03,28/06/2009,10:15:00,summer,,,,,,,,,,800-1000,B,east,"Kotnik et al., 2017",10.1016/j.marchem.2017.03.002,,,,
URANIA 2009,2009,36.062314,18.661581,ION1_2,open,none,1500,,,0.192432325,,,,,13.7698,38.7344,187.3858759,S03,28/06/2009,10:15:00,summer,,,,,,,,,,1000-1600,B,east,"Kotnik et al., 2017",10.1016/j.marchem.2017.03.002,,,,
URANIA 2009,2009,36.062314,18.661581,ION1_2,open,none,2000,,,0.219352909,,,,,13.8117,38.7319,190.8536938,S03,28/06/2009,10:15:00,summer,,,,,,,,,,1600-2000,B,east,"Kotnik et al., 2017",10.1016/j.marchem.2017.03.002,,,,
URANIA 2009,2009,36.062314,18.661581,ION1_2,open,none,2500,,,0.272695548,,,,,13.8567,38.7259,191.8138752,S03,28/06/2009,10:15:00,summer,,,,,,,,,,2000-2600,B,east,"Kotnik et al., 2017",10.1016/j.marchem.2017.03.002,,,,
URANIA 2009,2009,36.062314,18.661581,ION1_2,open,none,3000,,,0.245774964,,,,,13.9073,38.7175,192.8039785,S03,28/06/2009,10:15:00,summer,,,,,,,,,,2600-3000,B,east,"Kotnik et al., 2017",10.1016/j.marchem.2017.03.002,,,,
URANIA 2009,2009,36.062314,18.661581,ION1_2,open,none,4005,,,0.254748492,,,,,14.1023,38.7277,196.5937922,S03,28/06/2009,10:15:00,summer,,,,,,,,,,>3000,B,east,"Kotnik et al., 2017",10.1016/j.marchem.2017.03.002,,,,
URANIA 2009,2009,37.608364,18.097208,ION3,open,none,0,,,0.103694102,,,,,23.6811,38.2377,204.3341941,S02,29/06/2009,09:30:00,summer,,,,,,,,,,0-10,B,east,"Kotnik et al., 2017",10.1016/j.marchem.2017.03.002,,,,
URANIA 2009,2009,37.608364,18.097208,ION3,open,none,50,,,0.113664689,,,,,16.3436,38.4054,244.2464786,S02,29/06/2009,09:30:00,summer,,,,,,,,,,Oct-50,B,east,"Kotnik et al., 2017",10.1016/j.marchem.2017.03.002,,,,
URANIA 2009,2009,37.608364,18.097208,ION3,open,none,120,,,0.123635276,,,,,15.0615,38.5415,229.6427894,S02,29/06/2009,09:30:00,summer,,,,,,,,,,50-200,B,east,"Kotnik et al., 2017",10.1016/j.marchem.2017.03.002,,,,
URANIA 2009,2009,37.608364,18.097208,ION3,open,none,250,,,0.163019094,,,,,14.9859,38.8321,203.8366861,S02,29/06/2009,09:30:00,summer,,,,,,,,,,200-400,B,east,"Kotnik et al., 2017",10.1016/j.marchem.2017.03.002,,,,
URANIA 2009,2009,37.608364,18.097208,ION3,open,none,500,,,0.133107333,,,,,14.2332,38.8489,186.4654415,S02,29/06/2009,09:30:00,summer,,,,,,,,,,400-600,B,east,"Kotnik et al., 2017",10.1016/j.marchem.2017.03.002,,,,
URANIA 2009,2009,37.608364,18.097208,ION3,open,none,1000,,,0.133107333,,,,,13.7663,38.7426,180.536433,S02,29/06/2009,09:30:00,summer,,,,,,,,,,800-1000,B,east,"Kotnik et al., 2017",10.1016/j.marchem.2017.03.002,,,,
URANIA 2009,2009,37.608364,18.097208,ION3,open,none,1500,,,0.241786729,,,,,13.7812,38.737,187.104967,S02,29/06/2009,09:30:00,summer,,,,,,,,,,1000-1600,B,east,"Kotnik et al., 2017",10.1016/j.marchem.2017.03.002,,,,
URANIA 2009,2009,37.608364,18.097208,ION3,open,none,2000,,,0.241786729,,,,,13.8131,38.7331,190.4990966,S02,29/06/2009,09:30:00,summer,,,,,,,,,,1600-2000,B,east,"Kotnik et al., 2017",10.1016/j.marchem.2017.03.002,,,,
URANIA 2009,2009,37.608364,18.097208,ION3,open,none,2500,,,0.281669076,,,,,13.854,38.726,192.2537723,S02,29/06/2009,09:30:00,summer,,,,,,,,,,2000-2600,B,east,"Kotnik et al., 2017",10.1016/j.marchem.2017.03.002,,,,
URANIA 2009,2009,37.608364,18.097208,ION3,open,none,2790,,,0.231816142,,,,,13.8831,38.723,193.1474108,S02,29/06/2009,09:30:00,summer,,,,,,,,,,2600-3000,B,east,"Kotnik et al., 2017",10.1016/j.marchem.2017.03.002,,,,
